Genre,year,sum
A Cappella,1988,215.20000000000002
A Cappella,2015,342.90000000000003
A Cappella,2016,50706.15
A Cappella,2017,32.0
A Cappella,2018,108.00000000000001
Acoustic Chill,2017,282.9500000000001
Acoustic Chill,2018,30648.449999999986
Acoustic Opm,2018,107.20000000000002
Acoustic Pop,1998,334.40000000000003
Acoustic Pop,2007,11096.800000000001
Acoustic Pop,2008,84871.09999999999
Acoustic Pop,2010,22.4
Acoustic Pop,2012,1809.9500000000005
Acoustic Pop,2013,32.0
Acoustic Pop,2014,6.4
Acoustic Pop,2017,144.00000000000003
Acoustic Pop,2018,2971.899999999999
Adult Standards,1942,128238.95000000001
Adult Standards,1944,2221.5
Adult Standards,1945,4039.4
Adult Standards,1949,118.4
Adult Standards,1958,1337.8000000000002
Adult Standards,1959,117134.65
Adult Standards,1960,5439.05
Adult Standards,1962,393.90000000000003
Adult Standards,1963,188815.4
Adult Standards,1964,158983.25
Adult Standards,1965,6815.500000000001
Adult Standards,1966,167.2
Adult Standards,1967,19265.45
Adult Standards,1968,51005.35000000001
Adult Standards,1969,1709.0
Adult Standards,1970,819.7
Adult Standards,1975,19.200000000000006
Adult Standards,1976,48.8
Adult Standards,1977,840.5999999999999
Adult Standards,1978,51.2
Adult Standards,1979,3448.5500000000006
Adult Standards,1980,41.6
Adult Standards,1981,507.3
Adult Standards,1983,745.6
Adult Standards,1984,172.0
Adult Standards,1990,692.15
Adult Standards,1991,18494.4
Adult Standards,1992,128.0
Adult Standards,1994,4075.5
Adult Standards,1996,2862.8
Adult Standards,1997,100.0
Adult Standards,1998,19772.950000000004
Adult Standards,1999,43346.50000000001
Adult Standards,2001,148.25
Adult Standards,2004,4.0
Adult Standards,2005,12.0
Adult Standards,2007,237.60000000000002
Adult Standards,2008,1662.35
Adult Standards,2009,555.8
Adult Standards,2010,979.45
Adult Standards,2011,670663.5
Adult Standards,2012,4684.650000000001
Adult Standards,2013,59.2
Adult Standards,2014,1787.8
Adult Standards,2016,2216.7
Adult Standards,2017,546.35
Adult Standards,2018,60.0
Adult Standards,2019,391.2
Afro Dancehall,2017,33066.850000000006
Afro Dancehall,2018,14696.149999999998
Afro Dancehall,2019,35844.850000000006
Afro Dancehall,2020,5470.500000000001
Afro House,2016,15.2
Afrofuturism,2015,20504.699999999997
Afrofuturism,2018,1863.0000000000002
Afrofuturism,2019,900.1
Afropop,2017,2899.9999999999995
Afropop,2019,13.6
Afroswing,2016,10844.999999999998
Afroswing,2017,302849.35000000003
Afroswing,2018,145979.55000000002
Afroswing,2019,231634.0
Afroswing,2020,447941.35
Ai,2017,904.45
Alabama Rap,2017,16442.899999999998
Alabama Rap,2018,29851.85
Alabama Rap,2020,124.00000000000001
Albanian Hip Hop,2017,11860.05
Albanian Hip Hop,2018,114806.60000000005
Albanian Hip Hop,2019,30181.75
Albanian Hip Hop,2020,10414.550000000001
Albanian Pop,2018,1121.15
Albanian Pop,2019,24.8
Albanian Pop,2020,4746.05
Album Rock,1966,165.05
Album Rock,1968,274.35
Album Rock,1969,921.9499999999999
Album Rock,1970,14548.39999999999
Album Rock,1971,140.0
Album Rock,1973,5572.250000000001
Album Rock,1974,36111.99999999999
Album Rock,1975,3672.5
Album Rock,1976,2229.4500000000003
Album Rock,1977,24.0
Album Rock,1978,13222.999999999995
Album Rock,1979,7323.100000000001
Album Rock,1980,2399.85
Album Rock,1981,123.20000000000002
Album Rock,1982,21.6
Album Rock,1983,108.0
Album Rock,1984,71934.09999999996
Album Rock,1985,52.8
Album Rock,1986,108.80000000000001
Album Rock,1987,669.1999999999998
Album Rock,1988,79.2
Album Rock,1989,9923.949999999999
Album Rock,1990,25375.40000000004
Album Rock,1991,710.85
Album Rock,1992,5554.6
Album Rock,1993,654.9
Album Rock,1994,1478.4
Album Rock,2017,205.85
Album Rock,2020,3947.4500000000003
Alternative Country,1999,216.3
Alternative Country,2005,48.8
Alternative Dance,2003,61.6
Alternative Dance,2004,107.20000000000002
Alternative Dance,2005,79.19999999999999
Alternative Dance,2006,74.4
Alternative Dance,2007,4.0
Alternative Dance,2008,552.3
Alternative Dance,2009,2351.2000000000007
Alternative Dance,2011,43960.2
Alternative Dance,2013,1375.8500000000001
Alternative Dance,2016,22.4
Alternative Dance,2017,10481.35
Alternative Dance,2018,7736.299999999997
Alternative Dance,2019,2173.6
Alternative Dance,2020,304.35
Alternative Emo,2018,8.0
Alternative Hip Hop,2005,6839.150000000001
Alternative Hip Hop,2012,521.85
Alternative Hip Hop,2017,15651.85
Alternative Hip Hop,2018,7184.8
Alternative Hip Hop,2019,1439.7
Alternative Hip Hop,2020,1379.8500000000001
Alternative Metal,1991,320.0
Alternative Metal,1993,797.6500000000002
Alternative Metal,1994,6162.35
Alternative Metal,1996,1506.3
Alternative Metal,1997,2444.4
Alternative Metal,1998,53.6
Alternative Metal,1999,1383.8
Alternative Metal,2000,156180.85
Alternative Metal,2001,4807.25
Alternative Metal,2002,1061.6000000000001
Alternative Metal,2003,93212.95
Alternative Metal,2005,36702.89999999997
Alternative Metal,2006,811.9499999999999
Alternative Metal,2007,45126.6
Alternative Metal,2011,781.2
Alternative Metal,2012,4903.8
Alternative Metal,2015,51956.95000000002
Alternative Metal,2017,211099.25000000003
Alternative Metal,2018,14413.699999999999
Alternative Metal,2019,35184.05
Alternative Metal,2020,399.15
Alternative Pop Rock,2017,656.0
Alternative Pop Rock,2018,534558.65
Alternative Pop Rock,2020,50.40000000000001
Alternative R&b,2012,5617.000000000001
Alternative R&b,2016,76869.3
Alternative R&b,2017,2134890.650000001
Alternative R&b,2018,3668576.8000000003
Alternative R&b,2019,1227016.3
Alternative R&b,2020,782664.2500000001
Alternative Rock,1977,112.80000000000001
Alternative Rock,1991,27961.149999999998
Alternative Rock,1993,6138.649999999999
Alternative Rock,1995,12.0
Alternative Rock,1997,704.7
Alternative Rock,1998,72775.85000000008
Alternative Rock,1999,14929.1
Alternative Rock,2000,159.85000000000002
Alternative Rock,2001,150.39999999999998
Alternative Rock,2002,16209.600000000002
Alternative Rock,2003,39926.20000000001
Alternative Rock,2004,20.8
Alternative Rock,2005,15.2
Alternative Rock,2006,5031.800000000002
Alternative Rock,2009,909.5
Alternative Rock,2014,91.2
Alternative Rock,2016,939.9000000000001
Alternative Rock,2017,6609.200000000001
Alternative Rock,2019,61.599999999999994
Alternative Rock,2020,1185.3
Ambient House,2020,817.8
Anthem Worship,2018,3283.85
Anti-folk,2007,307.6
Antideutsche,2018,1209.95
Antiviral Pop,2019,607.2
Arabic Hip Hop,2018,54.40000000000001
Arabic Hip Hop,2019,13291.750000000002
Arabic Hip Hop,2020,3167.3
Argentine Hip Hop,2017,15793.95
Argentine Hip Hop,2018,1350.1000000000001
Argentine Hip Hop,2019,21805.250000000004
Argentine Hip Hop,2020,72395.85000000002
Argentine Indie,2019,3640.05
Argentine Rock,2017,79.2
Arkansas Country,1980,105.6
Arkansas Country,2002,1201.1999999999998
Arkansas Country,2013,112.80000000000001
Arkansas Hip Hop,2017,10612.65
Art Pop,1998,40.8
Art Pop,2010,137.60000000000002
Art Pop,2011,60.80000000000001
Art Pop,2013,2541.0
Art Pop,2014,642.4000000000002
Art Pop,2016,25396.300000000003
Art Pop,2017,792803.6
Art Pop,2018,165980.55
Art Pop,2019,40144.700000000004
Art Pop,2020,3339.3500000000004
Art Rock,1975,1734.5500000000002
Art Rock,1984,3293.8499999999995
Art Rock,1988,60995.200000000004
Art Rock,2007,77320.25
Asian American Hip Hop,2018,112740.24999999999
Asian American Hip Hop,2019,642.6500000000001
Asian American Hip Hop,2020,16.8
Atl Hip Hop,1997,52.0
Atl Hip Hop,1999,19694.75
Atl Hip Hop,2000,338.6
Atl Hip Hop,2001,158.4
Atl Hip Hop,2004,1452.25
Atl Hip Hop,2006,21017.30000000001
Atl Hip Hop,2008,116.80000000000001
Atl Hip Hop,2010,133.6
Atl Hip Hop,2012,168.7
Atl Hip Hop,2013,543.2
Atl Hip Hop,2016,757963.6000000001
Atl Hip Hop,2017,2784916.3000000003
Atl Hip Hop,2018,2524722.0
Atl Hip Hop,2019,396339.60000000003
Atl Hip Hop,2020,1021740.7
Aussie Drill,2019,97098.59999999999
Aussie Drill,2020,61592.299999999996
Aussietronica,2014,56.0
Aussietronica,2016,44997.20000000001
Aussietronica,2017,71712.05
Aussietronica,2018,107429.5
Aussietronica,2019,18055.8
Australian Alternative Pop,2015,24.0
Australian Alternative Pop,2017,5.6000000000000005
Australian Alternative Pop,2018,46256.850000000006
Australian Alternative Pop,2019,70292.35
Australian Alternative Pop,2020,615.2
Australian Alternative Rock,1979,20.0
Australian Alternative Rock,1983,16.8
Australian Alternative Rock,1986,379.09999999999997
Australian Alternative Rock,1987,5791.749999999999
Australian Alternative Rock,1989,149.60000000000005
Australian Alternative Rock,1992,159.45000000000002
Australian Alternative Rock,2000,2903.150000000001
Australian Alternative Rock,2005,80.00000000000001
Australian Alternative Rock,2010,97.75
Australian Alternative Rock,2016,61.6
Australian Alternative Rock,2019,13214.7
Australian Alternative Rock,2020,4755.4000000000015
Australian Country,2017,9.6
Australian Country,2018,15763.050000000003
Australian Dance,2012,80.80000000000003
Australian Dance,2014,12298.949999999999
Australian Dance,2015,949.9000000000001
Australian Dance,2016,411218.3
Australian Dance,2017,101772.15000000001
Australian Dance,2018,512154.3
Australian Dance,2019,129919.65000000004
Australian Dance,2020,50320.85
Australian Electropop,2016,1626.3999999999994
Australian Electropop,2017,129.60000000000002
Australian Electropop,2018,4132.6
Australian Garage Punk,2017,787.85
Australian Garage Punk,2018,96.8
Australian Garage Punk,2019,43.2
Australian Garage Punk,2020,80.0
Australian Hip Hop,2003,121.6
Australian Hip Hop,2016,25099.550000000003
Australian Hip Hop,2017,70594.25
Australian Hip Hop,2018,25135.649999999994
Australian Hip Hop,2019,82215.15000000001
Australian Hip Hop,2020,47938.75
Australian House,2018,32808.65000000001
Australian House,2020,7519.199999999997
Australian Indie,2011,254.65
Australian Indie,2016,7505.249999999997
Australian Indie,2017,42716.59999999999
Australian Indie,2018,9627.600000000002
Australian Indie,2019,27459.499999999993
Australian Indie,2020,5842.250000000002
Australian Indie Folk,2017,55953.85000000001
Australian Indigenous,2018,824.3499999999999
Australian Indigenous,2019,10303.95
Australian Metalcore,2018,21.6
Australian Pop,1997,313.6
Australian Pop,1998,175.20000000000002
Australian Pop,2002,84.80000000000001
Australian Pop,2011,2444.75
Australian Pop,2014,195.4
Australian Pop,2015,76058.1
Australian Pop,2016,383831.69999999995
Australian Pop,2017,50950.05
Australian Pop,2018,1357588.9500000002
Australian Pop,2019,5015888.850000003
Australian Pop,2020,50298.4
Australian Psych,2015,94309.99999999999
Australian Psych,2019,5369.200000000001
Australian Psych,2020,18922.7
Australian R&b,2020,3933.05
Australian Reggae Fusion,2013,39811.299999999996
Australian Reggae Fusion,2014,14981.500000000004
Australian Reggae Fusion,2016,72.0
Australian Reggae Fusion,2017,10642.05
Australian Reggae Fusion,2018,64207.299999999945
Australian Reggae Fusion,2019,469.6
Australian Reggae Fusion,2020,3015.2
Australian Rock,1965,165.55
Australian Rock,1982,278.35
Australian Rock,1986,353.6
Australian Rock,1988,162.65
Australian Talent Show,2016,1804.4
Australian Talent Show,2017,40.00000000000001
Australian Talent Show,2018,3230.200000000001
Australian Talent Show,2019,6384.0
Australian Talent Show,2020,11394.500000000002
Austrian Indie,2018,6.4
Austrian Pop,2017,272.9
Austrian Pop,2018,28.0
Austropop,2017,12255.199999999999
Azonto,2017,41581.04999999997
Ballroom,2018,37.6
Baltimore Hip Hop,2018,1598.3999999999994
Barbadian Pop,2005,1241.8
Barbadian Pop,2007,93155.45000000014
Barbadian Pop,2008,136.4
Barbadian Pop,2011,1399.05
Barbadian Pop,2012,118.4
Barbadian Pop,2015,116.0
Barbadian Pop,2016,207880.94999999998
Baroque Pop,2005,199.20000000000002
Baroque Pop,2006,26.4
Baroque Pop,2008,1447.5500000000002
Baroque Pop,2012,1083.2000000000003
Baroque Pop,2016,2227.2
Baroque Pop,2018,1239945.8
Baroque Pop,2019,320.0
Bass House,2017,87.19999999999999
Bass House,2018,854.7000000000003
Bass Trap,2015,4.0
Bass Trap,2017,4406.9
Bass Trap,2018,545.9
Bass Trap,2019,96.05
Basshall,2016,33639.6
Basshall,2017,109.6
Basshall,2018,111063.1
Basshall,2019,1911.9500000000005
Basshall,2020,67.2
Bassline,2009,200.00000000000006
Bassline,2018,1100.0
Batida,2018,66494.3
Baton Rouge Rap,2017,842.4
Baton Rouge Rap,2018,4696.450000000003
Baton Rouge Rap,2019,39408.799999999996
Baton Rouge Rap,2020,4107.6
Beach House,2017,761.6
Beatlesque,1995,448.45000000000005
Bebop,2018,207.05
Bedroom Pop,2017,83471.05000000003
Bedroom Pop,2018,572.8
Bedroom Pop,2019,2359.9
Bedroom Pop,2020,536568.95
Bedroom Soul,2018,420.00000000000017
Bedroom Soul,2019,736729.0499999999
Bedroom Soul,2020,224.5
Belarusian Indie,2020,2778.8
Belgian Dance,2017,193374.84999999998
Belgian Dance,2018,23145.2
Belgian Edm,2016,342.40000000000003
Belgian Edm,2017,173201.49999999997
Belgian Edm,2018,27818.05
Belgian Edm,2019,33267.2
Belgian Edm,2020,4.800000000000002
Belgian Hip Hop,2017,2432.250000000001
Belgian Hip Hop,2018,12237.050000000003
Belgian Hip Hop,2019,21892.15
Belgian Hip Hop,2020,24839.95
Belgian Indie,2017,29250.649999999998
Belgian Indie,2018,1680.6999999999994
Belgian Indie,2019,672.15
Belgian Indie,2020,32.800000000000004
Belgian Pop,2016,289.6
Belgian Pop,2017,4264.8
Belgian Pop,2020,521.6
Big Beat,1999,19.200000000000006
Big Beat,2005,64.80000000000001
Big Room,2010,95.85
Big Room,2012,400.6
Big Room,2013,132075.95
Big Room,2014,56553.75
Big Room,2015,104456.00000000001
Big Room,2016,1923297.1
Big Room,2017,6849841.4
Big Room,2018,582097.45
Big Room,2019,1872588.55
Big Room,2020,84155.40000000001
Birmingham Grime,2016,617.6
Birmingham Grime,2017,80.0
Birmingham Grime,2018,10328.5
Birmingham Grime,2019,65352.94999999998
Birmingham Grime,2020,9318.2
Birmingham Hip Hop,2020,85.0
Blues Rock,1959,589.6
Blues Rock,1999,86.4
Bmore,2015,11225.0
Bmore,2017,27426.450000000004
Bmore,2018,3216.9
Bmore,2019,63050.75
Bmore,2020,30830.200000000004
Boston Hip Hop,2018,7820.549999999999
Boston Hip Hop,2019,236.00000000000006
Boston Hip Hop,2020,487.65000000000003
Boston Punk,2005,805.95
Bow Pop,2000,76.0
Boy Band,1993,24.8
Boy Band,1994,3975.9
Boy Band,1996,3560.6000000000013
Boy Band,1997,1164.8000000000002
Boy Band,1998,248.0
Boy Band,1999,50071.39999999999
Boy Band,2000,43.2
Boy Band,2001,1391.6000000000001
Boy Band,2002,401.6
Boy Band,2003,186.15
Boy Band,2006,52.8
Boy Band,2007,407.95
Boy Band,2008,708.25
Boy Band,2009,292.4
Boy Band,2010,32.0
Boy Band,2011,1341.6000000000001
Boy Band,2012,12645.15
Boy Band,2013,6745.1
Boy Band,2014,18058.7
Boy Band,2015,6161.900000000001
Boy Band,2016,497406.0
Boy Band,2017,122220.75
Boy Band,2018,1994856.4500000007
Boy Band,2019,2268943.05
Boy Band,2020,380103.60000000003
Brazilian Bass,2018,44.0
Brazilian Edm,2017,1605.1
Brazilian Edm,2018,1412.8500000000006
Brazilian Edm,2019,4063.2999999999997
Brazilian Edm,2020,4.8
Brazilian Hip Hop,2018,1446.3999999999994
Brighton Indie,2006,76795.79999999992
Brill Building Pop,1968,177.60000000000005
Brill Building Pop,2005,1526.5
Brill Building Pop,2007,19.200000000000006
Brill Building Pop,2012,9.6
Brill Building Pop,2015,6638.05
Brill Building Pop,2018,8824.050000000001
Brill Building Pop,2019,37583.35
Bristol Indie,2020,157.75
Brit Funk,1999,36.8
British Alternative Rock,2018,0.8
British Blues,1970,110.4
British Country,2017,199.2
British Dance Band,2010,26.4
British Dance Band,2015,4.0
British Folk,1970,119.2
British Folk,1971,94.35
British Indie Rock,2007,50.40000000000001
British Indie Rock,2019,69689.05
British Indie Rock,2020,68.80000000000001
British Singer-songwriter,2011,565.2
British Singer-songwriter,2018,101.6
British Soul,1993,257.6
British Soul,1994,76.0
British Soul,1996,55.2
British Soul,2000,166.40000000000003
British Soul,2001,20.0
British Soul,2006,2078.85
British Soul,2008,35339.0
British Soul,2011,27612.500000000015
British Soul,2012,78.4
British Soul,2013,45562.55
British Soul,2015,65.60000000000001
British Soul,2016,436963.45
British Soul,2017,53460.4
British Soul,2018,20935.65
British Soul,2019,60.80000000000001
British Soul,2020,12780.900000000001
British Soundtrack,1983,14.4
Britpop,1997,593.9
Britpop,2001,186.45000000000005
Britpop,2002,89.6
Britpop,2005,112.55000000000001
Britpop,2006,17.6
Britpop,2008,196.80000000000007
Britpop,2017,21923.7
Britpop,2019,3214.8
Britpop,2020,62.40000000000001
Broadway,2015,1370.1000000000004
Broadway,2017,433123.54999999993
Broadway,2018,113.60000000000001
Brooklyn Drill,2018,123.2
Brooklyn Drill,2019,356186.24999999994
Brooklyn Drill,2020,1317318.85
Brooklyn Indie,2016,14677.850000000004
Brooklyn Indie,2017,11.200000000000001
Brostep,2016,52125.4
Brostep,2017,192230.94999999998
Brostep,2018,2095297.100000002
Brostep,2019,805234.55
Brostep,2020,469571.3999999999
Bubblegum Dance,1983,23081.949999999983
Bubblegum Dance,1993,63.2
Bubblegum Dance,1996,79.2
Bubblegum Dance,1997,134.4
Bubblegum Dance,1999,79.20000000000002
Bubblegum Dance,2000,88.80000000000001
Bubblegum Dance,2001,177.55
Bubblegum Dance,2002,202.4
Bubblegum Dance,2003,65.60000000000001
Bubblegum Dance,2005,77.60000000000002
Bubblegum Dance,2006,16.8
Bubblegum Dance,2010,194.5
Bubblegum Dance,2011,559.65
Bubblegum Dance,2013,189.60000000000002
Bubblegum Dance,2017,94.4
Bubblegum Pop,1967,1128.8
Bulgarian Pop,2019,827.2
C-pop,2002,89.60000000000002
C-pop,2015,1311.6999999999996
C-pop,2017,2938.9500000000003
C-pop,2018,30.4
C-pop,2019,277.25
C86,2010,313.5
Cali Rap,2017,3654.6
Cali Rap,2018,219750.8
Cali Rap,2019,843192.65
Cali Rap,2020,850476.6
Calming Instrumental,2017,46.40000000000001
Canadian Contemporary R&b,2013,1069.2499999999998
Canadian Contemporary R&b,2015,381804.50000000006
Canadian Contemporary R&b,2016,2577633.3500000006
Canadian Contemporary R&b,2017,46397.2
Canadian Contemporary R&b,2018,1114522.15
Canadian Contemporary R&b,2019,931643.3499999999
Canadian Contemporary R&b,2020,2801305.1500000004
Canadian Country,1997,15593.449999999992
Canadian Country,2017,110.40000000000002
Canadian Electronic,2016,3730.400000000001
Canadian Electronic,2017,13.6
Canadian Electropop,2017,638.4000000000001
Canadian Electropop,2019,342.8
Canadian Folk,2017,824.8000000000001
Canadian Folk,2018,8.0
Canadian Hip Hop,2010,882.6
Canadian Hip Hop,2011,314.40000000000003
Canadian Hip Hop,2013,92.0
Canadian Hip Hop,2015,16262.449999999999
Canadian Hip Hop,2016,1177916.1
Canadian Hip Hop,2017,1939124.0499999998
Canadian Hip Hop,2018,4896805.999999999
Canadian Hip Hop,2019,1405533.9000000001
Canadian Hip Hop,2020,1892910.0499999996
Canadian Indie,1989,1296.3
Canadian Indie,1991,965.7
Canadian Indie,1992,1203.55
Canadian Indie,1994,198.55
Canadian Indie,1996,651.25
Canadian Indie,1998,847.8
Canadian Indie,2000,104.8
Canadian Indie,2002,56.0
Canadian Indie,2016,13830.400000000005
Canadian Indie,2017,52.0
Canadian Indie,2018,36.0
Canadian Latin,2006,12975.050000000001
Canadian Pop,2002,910.4
Canadian Pop,2010,170.10000000000002
Canadian Pop,2011,200491.9
Canadian Pop,2012,560.05
Canadian Pop,2015,635127.5
Canadian Pop,2016,6638.499999999999
Canadian Pop,2017,2565155.95
Canadian Pop,2018,1167514.0999999999
Canadian Pop,2019,3825351.350000001
Canadian Pop,2020,1584510.4000000004
Canadian Post-hardcore,2019,60.0
Canadian Rock,2015,5017.000000000001
Canadian Rock,2016,3022.400000000001
Canadian Rock,2018,26.4
Canadian Rock,2019,1.6
Canadian Singer-songwriter,1971,153.60000000000002
Candy Pop,2007,67.2
Candy Pop,2012,145.7
Candy Pop,2013,875.7500000000001
Candy Pop,2017,41584.4
Cantautor,2017,101.60000000000001
Ccm,2018,64932.49999999999
Celtic,1988,125129.24999999996
Celtic,1993,24.8
Celtic,1994,14.4
Celtic,1995,89.60000000000002
Celtic,2007,397.0
Celtic,2008,40.8
Celtic,2010,221.0
Celtic Rock,2008,126162.15
Celtic Rock,2012,2941.2000000000003
Celtic Rock,2014,269.3
Celtic Rock,2017,123940.3
Celtic Rock,2019,26756.099999999995
Chamber Pop,2016,8.8
Chamber Psych,2020,503.65
Channel Islands Indie,2017,513.35
Channel Islands Indie,2018,64.0
Channel Pop,2013,64.0
Channel Pop,2016,207.65
Channel Pop,2018,410.90000000000015
Chanson,2014,271.05
Chicago Drill,2018,214.40000000000003
Chicago Drill,2020,11304.800000000001
Chicago Rap,2005,39239.749999999985
Chicago Rap,2007,61998.05
Chicago Rap,2010,243.20000000000002
Chicago Rap,2013,496.8
Chicago Rap,2016,75453.7
Chicago Rap,2017,702.4000000000001
Chicago Rap,2018,2593412.4499999997
Chicago Rap,2019,1168212.55
Chicago Rap,2020,1033764.7
Chicano Rap,2003,10.4
Chicano Rap,2016,120275.30000000002
Chicano Rap,2017,45602.700000000004
Chicano Rap,2018,549.8
Chilean Indie,2018,4398.399999999998
Chilean Rock,2015,16.0
Chill R&b,2018,128.8
Chillstep,2018,8.8
Chillwave,2014,1148.8000000000004
Chillwave,2017,168.0
Chillwave,2018,3.2
Chinese Electropop,2019,2703.55
Chinese Electropop,2020,3048.6000000000004
Chinese Hip Hop,2017,528.0
Chinese Hip Hop,2018,1789.25
Chinese Idol Pop,2018,154.95
Chinese Indie,2016,730.4
Chinese Indie,2017,104.8
Chinese Indie,2019,4083.55
Chinese R&b,2020,86603.54999999993
Christlicher Rap,2017,396.0
Christlicher Rap,2018,4492.099999999999
Christmas Instrumental,2016,3345.4500000000003
Classic Country Pop,1974,94.4
Classic Country Pop,2016,3915.8
Classic Danish Pop,2019,6480.8
Classic Malaysian Pop,2020,377.60000000000014
Classic Norwegian Pop,2010,9471.45
Classic Norwegian Pop,2017,3350.5
Classic Norwegian Pop,2018,585.6
Classic Norwegian Pop,2020,174.25
Classic Nz Pop,1980,16.0
Classic Opm,2002,31.20000000000001
Classic Opm,2013,24.8
Classic Rock,1972,35.2
Classic Rock,1977,16091.35
Classic Rock,1984,677.3500000000001
Classic Rock,1986,3572.350000000001
Classic Rock,2009,1399.6499999999996
Classic Rock,2018,13248.900000000003
Classic Rock,2019,316.8
Classic Rock,2020,2491.8500000000004
Classic Soul,1965,1276.65
Classic Soul,1967,14673.2
Classic Soul,1968,14028.9
Classic Soul,1970,1452.9
Classic Soul,1973,84.8
Classic Soul,1982,90.4
Classic Soul,1995,264.8
Classic Soul,2005,234.40000000000003
Classic Soul,2015,236.00000000000006
Classic Soul,2018,244.8
Classic Swedish Pop,2012,358.4
Classic Swedish Pop,2014,98.4
Classic Swedish Pop,2016,585.6
Classic Swedish Pop,2017,672.2
Classic Swedish Pop,2018,926.75
Classic Swedish Pop,2019,15758.949999999997
Classic Swedish Pop,2020,20907.400000000005
Classic Uk Pop,1974,24.0
Classic Uk Pop,1975,534.75
Classic Uk Pop,1990,8113.75
Classic Uk Pop,1991,88.00000000000003
Classic Uk Pop,2005,2947.25
Classic Uk Pop,2007,22835.85
Cologne Indie,2019,31.20000000000001
Colombian Hip Hop,2019,26.4
Colombian Pop,2005,10913.550000000001
Colombian Pop,2017,11227.35
Colombian Pop,2018,4870.6
Colombian Pop,2019,257494.10000000003
Comedy Rap,2018,513298.19999999995
Comedy Rap,2019,135118.19999999998
Complextro,2012,2.4000000000000004
Complextro,2017,1256849.2
Complextro,2018,446960.44999999995
Complextro,2019,185010.25
Complextro,2020,1104.9500000000003
Conscious Hip Hop,1992,29.6
Conscious Hip Hop,1998,8.8
Conscious Hip Hop,2014,10003.349999999997
Conscious Hip Hop,2015,4215.5
Conscious Hip Hop,2016,40718.19999999998
Conscious Hip Hop,2017,3014805.0500000017
Conscious Hip Hop,2018,724171.4
Conscious Hip Hop,2019,543788.0500000003
Conscious Hip Hop,2020,35139.0
Contemporary Country,2008,1796.1500000000005
Contemporary Country,2010,4.800000000000002
Contemporary Country,2011,27.20000000000001
Contemporary Country,2012,837.9499999999997
Contemporary Country,2013,3426.700000000001
Contemporary Country,2014,102.4
Contemporary Country,2015,31186.800000000003
Contemporary Country,2016,50573.75000000001
Contemporary Country,2017,436534.80000000005
Contemporary Country,2018,281995.04999999993
Contemporary Country,2019,148270.35
Contemporary Country,2020,77193.65
Contemporary Vocal Jazz,2012,28.0
Contemporary Vocal Jazz,2014,215.2
Contemporary Vocal Jazz,2017,663.0
Country,2000,3.2
Country,2001,192.00000000000006
Country,2018,7915.950000000001
Country Rap,2019,1053518.4499999997
Country Rock,1996,48.8
Crunk,2018,345.6
Czech Pop,2018,24047.2
Czech Pop,2019,2252.65
Dakke Dak,2017,42715.9
Dakke Dak,2018,17074.1
Dakke Dak,2019,13352.4
Dakke Dak,2020,18300.299999999996
Dalarna Indie,2019,54.40000000000001
Dance Pop,1983,1889.8500000000001
Dance Pop,1984,555467.4999999998
Dance Pop,1985,215.2
Dance Pop,1986,0.8
Dance Pop,1987,176.00000000000003
Dance Pop,1989,164.25
Dance Pop,1992,596.9000000000001
Dance Pop,1993,61.6
Dance Pop,1994,803190.9999999999
Dance Pop,1995,7.2
Dance Pop,1996,5609.25
Dance Pop,1997,3223.7
Dance Pop,1999,16947.0
Dance Pop,2000,18961.75
Dance Pop,2001,1688.2
Dance Pop,2002,26713.700000000004
Dance Pop,2003,4745.0
Dance Pop,2004,4711.549999999999
Dance Pop,2005,49525.34999999997
Dance Pop,2006,117667.7999999999
Dance Pop,2007,8257.6
Dance Pop,2008,52979.7
Dance Pop,2009,119341.89999999998
Dance Pop,2010,137927.70000000004
Dance Pop,2011,152431.5500000001
Dance Pop,2012,85835.00000000001
Dance Pop,2013,176458.65
Dance Pop,2014,410271.95
Dance Pop,2015,1261342.2
Dance Pop,2016,14146483.750000002
Dance Pop,2017,43130134.300000004
Dance Pop,2018,31807542.55000001
Dance Pop,2019,12835743.600000001
Dance Pop,2020,9760070.95
Dance Rock,1979,31.20000000000001
Dance Rock,1982,36.8
Dance Rock,1985,14437.949999999999
Dance Rock,1986,948.3000000000001
Dance Rock,1987,57.6
Dance Rock,1992,316.95000000000005
Dance Rock,1998,0.8
Dance Rock,2000,23.20000000000001
Dance Rock,2017,245.6
Dancehall,2016,54928.89999999999
Dancehall,2017,44793.39999999999
Dancehall,2018,2028.5499999999997
Dancehall,2019,55505.950000000004
Dangdut,2017,176.64999999999995
Danish Electronic,2017,25454.85
Danish Electronic,2018,291.55
Danish Electronic,2019,55.2
Danish Electronic,2020,46.40000000000001
Danish Electropop,2017,48.8
Danish Electropop,2018,550.35
Danish Hip Hop,2017,73594.84999999999
Danish Hip Hop,2018,90251.7
Danish Hip Hop,2019,224173.25000000006
Danish Hip Hop,2020,84876.34999999995
Danish Pop,2003,256.0
Danish Pop,2015,137812.05000000002
Danish Pop,2016,709.6000000000001
Danish Pop,2017,13317.25
Danish Pop,2018,801632.4000000001
Danish Pop,2019,185502.50000000003
Danish Pop,2020,100851.55
Danspunk,2018,34.4
Dark Trap,2015,4116.000000000001
Dark Trap,2017,1.6
Dark Trap,2018,2839.9
Dark Trap,2019,649.8000000000001
Dark Trap,2020,169.85
Deep Big Room,2017,27.20000000000001
Deep Big Room,2018,534.0500000000002
Deep Disco House,2018,8.0
Deep Euro House,2016,7692.099999999998
Deep Euro House,2017,2625.8500000000004
Deep Euro House,2018,119552.8
Deep Euro House,2019,1687.2000000000003
Deep German Hip Hop,2017,3727.4999999999995
Deep German Hip Hop,2018,5164.75
Deep German Hip Hop,2019,8284.95
Deep German Hip Hop,2020,36061.4
Deep Groove House,2014,64.00000000000001
Deep Groove House,2016,40888.25000000001
Deep Groove House,2017,162085.44999999998
Deep Groove House,2018,273.6
Deep Groove House,2019,139571.95000000004
Deep Groove House,2020,35350.899999999994
Deep House,2018,4506.55
Deep House,2019,7506.050000000001
Deep House,2020,60315.60000000001
Deep Neofolk,2017,52.0
Deep Pop Edm,2017,1692.3999999999999
Deep Pop Edm,2018,37503.0
Deep Pop Edm,2019,360.80000000000007
Deep Talent Show,2017,182405.14999999997
Deep Tech House,2017,111736.55000000002
Deep Tech House,2018,7516.800000000002
Deep Tech House,2019,4499.15
Deep Tech House,2020,109.95
Deep Tropical House,2016,262472.1
Deep Tropical House,2017,3666.1499999999996
Deep Tropical House,2018,91.2
Deep Tropical House,2019,190.40000000000003
Deep Underground Hip Hop,2020,414719.54999999993
Deep Uplifting Trance,2016,280.0
Desi Pop,2016,37.6
Desi Pop,2020,104.0
Destroy Techno,2019,1991.2
Detroit Hip Hop,2000,1659.25
Detroit Hip Hop,2002,112950.25
Detroit Hip Hop,2010,1231.0
Detroit Hip Hop,2013,1988.1999999999998
Detroit Hip Hop,2015,5.6000000000000005
Detroit Hip Hop,2016,1516.0
Detroit Hip Hop,2017,1546845.6999999995
Detroit Hip Hop,2018,1252629.5999999999
Detroit Hip Hop,2019,4653.700000000001
Detroit Hip Hop,2020,879177.15
Detroit Trap,2020,1120.15
Dfw Rap,2016,2939492.3000000003
Dfw Rap,2017,1662352.7499999998
Dfw Rap,2018,6212810.150000001
Dfw Rap,2019,2518692.4500000025
Dirty South Rap,2016,1691.2000000000007
Dirty South Rap,2017,65191.09999999999
Dirty South Rap,2019,13943.7
Disco,1978,167.2
Disco,1981,47.20000000000001
Disco,1990,738.05
Disco,1991,152.0
Disco,1999,1819.5499999999993
Disco,2001,15.2
Disco,2004,64.8
Disco,2013,48808.9
Disco House,1993,85.60000000000002
Disco House,2016,4.800000000000002
Disco House,2020,118.40000000000002
Disney,2011,79.2
Disney,2016,11161.400000000001
Disney,2019,5792.349999999999
Diva House,1992,95.2
Dmv Rap,2018,172.0
Dmv Rap,2019,28105.19999999999
Dmv Rap,2020,2484.3
Dominican Pop,2017,88997.55000000002
Dominican Pop,2018,225469.55
Dominican Pop,2019,6783.799999999998
Double Drumming,2009,6639.299999999999
Downtempo,1998,32.800000000000004
Downtempo,2009,2190.55
Downtempo,2012,431.9
Downtempo,2013,20552.85
Downtempo,2017,50659.950000000004
Drill Espanol,2020,11795.899999999998
Drill Francais,2016,11301.999999999995
Drill Francais,2017,697.45
Drum And Bass,2013,141.6
Drum And Bass,2016,568.7999999999998
Drum And Bass,2017,101.6
Drum And Bass,2018,2655.2000000000003
Drum And Bass,2019,52.0
Dutch Americana,2018,136.0
Dutch Americana,2020,9800.450000000004
Dutch Drill,2020,350.7
Dutch Edm,2017,10611.800000000003
Dutch Edm,2018,1010.75
Dutch Hip Hop,2016,11658.7
Dutch Hip Hop,2017,87838.64999999998
Dutch Hip Hop,2018,235514.04999999993
Dutch Hip Hop,2019,100992.20000000003
Dutch Hip Hop,2020,37241.0
Dutch Indie,2014,286.4000000000001
Dutch Indie,2016,16260.249999999996
Dutch Pop,2017,2924.2000000000007
Dutch Pop,2018,5581.349999999999
Dutch Pop,2019,204691.14999999997
Dutch Pop,2020,8489.249999999998
Dutch R&b,2020,93.2
Dutch Rap Pop,2016,786.4
Dutch Rap Pop,2017,489.40000000000015
Dutch Rap Pop,2018,12.8
Dutch Rap Pop,2020,999.2000000000004
Dutch Trance,2018,23641.85
Dutch Trance,2019,1436.8
Dutch Trance,2020,810.2000000000003
East Coast Hip Hop,1986,78.4
East Coast Hip Hop,2003,2157.6
East Coast Hip Hop,2004,8.8
East Coast Hip Hop,2005,464.65
East Coast Hip Hop,2007,68.8
East Coast Hip Hop,2009,349.6
East Coast Hip Hop,2011,164.0
East Coast Hip Hop,2017,423.45000000000005
East Coast Hip Hop,2018,28591.5
East Coast Hip Hop,2019,23233.2
East Coast Hip Hop,2020,946.05
Easy Listening,2017,19841.8
Eau Claire Indie,2008,1331.45
Eau Claire Indie,2011,32.8
Eau Claire Indie,2019,60.0
Eau Claire Indie,2020,47.2
Edm,2015,13511.1
Edm,2016,92809.75
Edm,2017,3577963.7
Edm,2018,2817088.8000000007
Edm,2019,2977769.8000000003
Edm,2020,1036626.6499999999
Electro,2001,460.55
Electro,2013,48.8
Electro House,2015,575565.4
Electro House,2016,1489748.2500000005
Electro House,2017,947232.8000000002
Electro House,2018,543087.4500000001
Electro House,2019,426897.94999999995
Electro House,2020,2583.5
Electronica,2018,19.200000000000006
Electronica,2019,331.75
Electronica,2020,46.40000000000001
Electropop,2015,125063.00000000001
Electropop,2016,439523.95
Electropop,2017,322420.6
Electropop,2018,3927349.3000000007
Electropop,2019,7273884.850000005
Electropop,2020,405271.45
Emo,2006,398.25
Emo,2017,30331.0
Emo,2018,1771.1000000000001
Emo Rap,2017,3425316.0999999996
Emo Rap,2018,5490177.000000001
Emo Rap,2019,70555.45
Emo Rap,2020,462434.24999999994
Emo Rap Italiano,2019,47.2
English Indie Rock,2006,20.8
English Indie Rock,2015,90.95
English Indie Rock,2016,2.4000000000000004
English Indie Rock,2017,172.15
English Indie Rock,2018,189.64999999999998
English Indie Rock,2020,78.4
Escape Room,2018,568.3000000000001
Escape Room,2019,300.8
Escape Room,2020,228.5
Etherpop,2005,41.6
Etherpop,2018,51.2
Eurodance,2020,1438.6999999999998
Europop,1992,259.20000000000005
Europop,1993,508.5
Europop,1995,4.800000000000002
Europop,1998,51.2
Europop,2007,113.6
Europop,2010,1738.45
Europop,2011,1071.9
Europop,2016,223.2
Europop,2017,346.5
Europop,2018,8649.150000000001
Europop,2019,37181.899999999994
Eurovision,2017,46817.45
Eurovision,2018,71716.95000000001
Eurovision,2019,153135.0
Eurovision,2020,22593.24999999997
Finnish Alternative Rock,2017,1926.25
Finnish Alternative Rock,2018,468.69999999999993
Finnish Dance Pop,2015,102.3
Finnish Dance Pop,2016,17873.149999999998
Finnish Dance Pop,2017,14636.7
Finnish Dance Pop,2018,108910.30000000028
Finnish Dance Pop,2019,33446.10000000001
Finnish Dance Pop,2020,88692.64999999997
Finnish Death Metal,2018,244.5
Finnish Edm,2017,3331.2499999999986
Finnish Hip Hop,2018,36.8
Finnish Hip Hop,2019,146.2
Finnish Hip Hop,2020,5332.950000000002
Finnish Idol Pop,2018,984.25
Finnish Metal,1998,22.4
Finnish Metal,2020,1.6
Finnish Pop,2017,3853.750000000002
Finnish Pop,2020,825.6
Finnish Trap,2018,40.0
Finnish Trap,2019,5.6000000000000005
Finnish Trap,2020,8.8
Flamenco Urbano,2020,27.200000000000003
Florida Rap,2015,8807.75
Florida Rap,2016,18198.25
Florida Rap,2017,335991.55000000005
Florida Rap,2018,642863.1
Florida Rap,2019,19989.30000000001
Florida Rap,2020,17970.05
Folk,1988,778.3000000000001
Folk,1990,12.0
Folk,1991,203.2
Folk,1997,60.0
Folk Brasileiro,2019,40.0
Folk-pop,2012,1540.0500000000002
Folk-pop,2014,236745.2
Folk-pop,2016,1114.4000000000003
Folk-pop,2017,51239.35000000002
Folk-pop,2018,1314579.5000000007
Folk-pop,2019,472262.6500000001
Folk-pop,2020,253.5
Football,2010,37.6
Francoton,2016,137.60000000000002
Francoton,2017,32056.15
Francoton,2018,141477.25000000003
Francoton,2019,138581.15
Francoton,2020,15412.75
Frauenrap,2019,3165.0499999999997
Frauenrap,2020,6660.200000000001
French Hip Hop,2016,21752.699999999997
French Hip Hop,2017,2515.4500000000007
French Hip Hop,2018,12945.500000000002
French Hip Hop,2019,51330.249999999985
French Hip Hop,2020,37535.7
French Indie Folk,2017,2530.2
French Indie Pop,2016,1244.2499999999998
French Indie Pop,2018,34453.65
Funk,1969,12.0
Funk,1971,3106.6000000000004
Funk,1972,1979.2499999999998
Funk,1977,4750.0
Funk,1979,124.0
Funk,1982,152.65
Funk,1984,1151.05
Funk,1985,88.80000000000003
Funk Carioca,2002,15.2
Funk Carioca,2017,609499.1
Funk Carioca,2019,80.8
Future Bass,2020,99.45
G Funk,1993,458.55000000000007
G Funk,1995,8193.949999999999
G Funk,1996,100.8
G Funk,1998,2028.25
G Funk,1999,19.200000000000006
G Funk,2004,424.20000000000005
Gaming Dubstep,2012,1620.4500000000005
Gaming Dubstep,2013,549.8
Gaming Edm,2017,68.8
Gaming Edm,2019,168.8
Gangster Rap,1991,132.0
Gangster Rap,1994,60.80000000000001
Gangster Rap,2014,1577.95
Gangster Rap,2015,31.20000000000001
Gangster Rap,2016,356.00000000000006
Gangster Rap,2017,15.2
Gangster Rap,2018,64671.65
Gangster Rap,2019,33293.700000000004
Garage Rock,2006,4267.550000000001
Garage Rock,2007,41591.799999999996
Garage Rock,2013,524.0
Garage Rock,2018,84128.95
Gauze Pop,2016,412.0
Gauze Pop,2019,144.0
Gauze Pop,2020,8438.600000000002
German Alternative Rap,2020,7.2
German Cloud Rap,2017,8196.850000000002
German Cloud Rap,2018,42098.4
German Cloud Rap,2019,26535.350000000002
German Cloud Rap,2020,107999.19999999995
German Dance,2017,25.60000000000001
German Dance,2018,53270.69999999999
German Dance,2019,82460.70000000003
German Dance,2020,129672.25000000001
German Drill,2017,4259.3
German Drill,2018,123602.94999999998
German Drill,2019,2283.6
German Drill,2020,50495.64999999999
German Hip Hop,2016,152.0
German Hip Hop,2017,25097.450000000004
German Hip Hop,2018,38602.30000000001
German Hip Hop,2019,518576.4999999999
German Hip Hop,2020,239727.65
German House,2020,31757.8
German Indie,2017,63.2
German Pop,2014,1596.8
German Pop,2017,76126.30000000002
German Pop,2018,49707.85
German Pop,2019,45947.549999999974
German Pop,2020,1276.8
Glam Metal,1986,187.2
Glam Metal,1987,95416.90000000001
Glam Metal,1988,24.0
Glam Metal,1991,3069.7500000000005
Glam Metal,2000,118.4
Glam Metal,2003,10.4
Glam Metal,2011,729.0
Glam Rock,1970,5450.6
Glam Rock,1971,45616.05
Glam Rock,1973,13363.55
Glam Rock,1974,13851.4
Glam Rock,1975,4190.25
Glam Rock,1983,2540.399999999999
Glam Rock,1995,32.0
Glasgow Indie,2017,62089.64999999994
Glasgow Indie,2019,39146.15
Glasgow Indie,2020,16622.699999999997
Glee Club,2012,1187.2
Glee Club,2013,79.20000000000003
Gothenburg Hip Hop,2018,92.65
Gothenburg Hip Hop,2019,323.15
Gothic Symphonic Metal,2018,180.8
Gothic Symphonic Metal,2020,110.75
Gqom,2018,5163.25
Grime,2010,214.25
Grime,2013,652.35
Grime,2016,7225.899999999998
Grime,2017,119324.95000000001
Grime,2018,83960.84999999999
Grime,2019,943862.1000000003
Grime,2020,163328.25000000003
Groove Room,2017,8054.200000000003
Groove Room,2019,1.6
Halloween,1993,2669.9
Hamburg Electronic,2020,20531.0
Hands Up,2018,20.0
Hands Up,2020,1096.1
Hard Rock,1986,166.75
Hard Rock,1988,59.2
Hard Rock,1991,2128.9
Hawaiian Hip Hop,2016,713.3
Hawaiian Hip Hop,2017,72014.40000000002
Hawaiian Hip Hop,2018,63012.75
Hawaiian Hip Hop,2019,8455.75
Hawaiian Hip Hop,2020,3782.5500000000006
Heartland Rock,1981,20.8
Hip Hop,1990,24.8
Hip Hop,1995,53.6
Hip Hop,1997,513.1000000000001
Hip Hop,2004,93.6
Hip Hop,2008,56.8
Hip Hop,2009,187.2
Hip Hop,2010,8.8
Hip Hop,2011,154.4
Hip Hop,2012,516.9499999999999
Hip Hop,2013,80.80000000000003
Hip Hop,2015,65096.2
Hip Hop,2016,359362.05000000005
Hip Hop,2017,2436142.450000001
Hip Hop,2018,1261457.6000000006
Hip Hop,2019,478518.30000000005
Hip Hop,2020,234664.6
Hip Hop Quebecois,2017,46.40000000000001
Hip Hop Quebecois,2019,41.6
Hip Hop Tuga,2017,31714.5
Hip Hop Tuga,2018,93438.34999999999
Hip Hop Tuga,2019,90671.75000000003
Hip Hop Tuga,2020,31109.75
Hip House,2011,268.8
Hip Pop,1991,36.0
Hip Pop,2003,1091.15
Hip Pop,2004,117.6
Hip Pop,2007,1769.3500000000001
Hip Pop,2012,136.8
Hip Pop,2019,72.00000000000001
Hip Pop,2020,79480.05
Hollywood,1975,648.0999999999999
Hollywood,1999,77.6
Hollywood,2007,8.0
Hollywood,2014,307.15
Hollywood,2015,4353.950000000001
Hollywood,2016,90817.05000000002
Hollywood,2017,537294.75
Hollywood,2018,48438.100000000006
Hollywood,2019,115417.0
Hong Kong Hip Hop,2020,668.8000000000001
Hopebeat,2017,216.0
Horror Synth,2016,194.4
House,2013,32.800000000000004
House,2015,67.2
House,2016,11752.750000000002
House,2017,1248.0000000000002
House,2018,4682.4
House,2019,199479.40000000002
House,2020,45061.89999999997
Houston Rap,2019,76400.54999999999
Houston Rap,2020,265294.6
Icelandic Indie,2016,137741.80000000002
Icelandic Pop,2020,58753.600000000006
Idol,2016,47.2
Indie Anthem-folk,2007,36.8
Indie Anthem-folk,2016,10128.75
Indie Anthem-folk,2017,491354.0
Indie Anthem-folk,2018,52475.0
Indie Anthem-folk,2019,218654.95
Indie Anthem-folk,2020,26210.899999999998
Indie Cafe Pop,2017,14173.699999999997
Indie Cafe Pop,2018,7686.700000000001
Indie Cafe Pop,2019,152.0
Indie Electropop,2018,66.4
Indie Folk,2015,263351.05
Indie Folk,2018,70.39999999999999
Indie Liguria,2018,4279.9
Indie Liguria,2019,2381.8
Indie Liguria,2020,1833.25
Indie Pop,2007,350.7
Indie Pop,2008,3063.200000000001
Indie Pop,2010,30994.850000000002
Indie Pop,2011,10506.399999999996
Indie Pop,2014,87.20000000000002
Indie Pop,2016,47.199999999999996
Indie Pop,2017,88467.40000000001
Indie Pop,2018,12412.65
Indie Pop,2019,152959.6
Indie Pop,2020,72650.90000000001
Indie Pop Rap,2010,107.20000000000002
Indie Pop Rap,2015,205706.84999999998
Indie Pop Rap,2017,16589.8
Indie Pop Rap,2020,308.5
Indie Poptimism,2014,420.00000000000006
Indie Poptimism,2017,68.80000000000001
Indie Poptimism,2019,68543.45
Indie Poptimism,2020,3427.25
Indie Rock,2012,1100.0000000000002
Indie Rock,2014,36.8
Indie Rock,2017,1080284.5000000002
Indie Rock,2018,68.0
Indie Rock,2019,136.0
Indie Rock Italiano,2017,27269.949999999983
Indie Soul,2017,24.0
Indie Soul,2018,586.1500000000002
Indie Soul,2019,2078.95
Indie Soul,2020,52.0
Indiecoustica,2014,2821.099999999999
Indiecoustica,2017,736.15
Indiecoustica,2018,68220.1
Indietronica,2009,87.2
Indonesian Alternative Rock,2020,41.6
Indonesian Folk,2009,14684.8
Indonesian Hip Hop,2017,29024.05
Indonesian Hip Hop,2018,14789.850000000002
Indonesian Hip Hop,2019,59519.650000000045
Indonesian Hip Hop,2020,5087.099999999999
Indonesian Indie,2014,410.40000000000015
Indonesian Indie,2016,109770.54999999996
Indonesian Indie,2017,871.2000000000002
Indonesian Indie,2018,46633.95000000001
Indonesian Indie,2019,28.0
Indonesian Indie,2020,101.55
Indonesian Pop,2006,17823.749999999993
Indonesian Pop,2016,2098.35
Indonesian Pop,2018,49474.55000000003
Indonesian Pop,2020,35311.05
Irish Country,2019,1458.7
Irish Hip Hop,2018,864.35
Irish Hip Hop,2019,29263.05000000001
Irish Indie,2018,430.40000000000003
Irish Pop,2013,3795.199999999999
Irish Pop,2015,460.65000000000003
Irish Pop,2016,105.60000000000001
Irish Pop,2017,20367.350000000002
Irish Pop,2018,38597.700000000004
Irish Pop,2019,8845.100000000002
Irish Pop,2020,8051.35
Irish Rock,1987,446.3
Irish Rock,1991,20.0
Irish Rock,1993,16510.050000000003
Irish Rock,1994,25618.100000000002
Irish Rock,1996,90.4
Irish Rock,1999,1403.8
Irish Rock,2000,196.39999999999998
Irish Rock,2002,182.2
Irish Rock,2006,32215.79999999999
Irish Rock,2017,2348.4500000000003
Irish Rock,2018,10643.400000000001
Irish Singer-songwriter,2014,47618.15000000001
Irish Singer-songwriter,2018,10585.55
Irish Singer-songwriter,2019,31784.1
Isle Of Wight Indie,2017,48.8
Israeli Pop,2017,928924.2000000002
Israeli Pop,2019,97638.29999999999
Italian Adult Pop,2014,506.05
Italian Adult Pop,2015,492.80000000000007
Italian Adult Pop,2017,1169.2
Italian Adult Pop,2018,14822.550000000001
Italian Adult Pop,2020,15988.95
Italian Hip Hop,2016,3021.0000000000005
Italian Hip Hop,2017,65673.30000000002
Italian Hip Hop,2018,229864.10000000006
Italian Hip Hop,2019,94460.49999999999
Italian Hip Hop,2020,32352.0
Italian Indie Pop,2018,1147.7
Italian Indie Pop,2020,70.4
Italian Pop,2019,64.0
J-dance,2018,44.8
J-idol,2017,8773.150000000001
J-pop,2017,46.40000000000002
J-pop,2018,179.20000000000002
J-pop,2019,368.65000000000003
J-pop,2020,41.6
Jam Band,1994,270.4
Japanese Alternative Rock,2017,33.6
Jawaiian,2013,1078.3999999999999
Jawaiian,2016,319.2000000000001
Jawaiian,2018,59408.950000000004
Jawaiian,2019,35468.49999999999
K-indie,2016,23505.699999999997
K-indie,2017,5921.450000000001
K-indie,2018,121.60000000000002
K-pop,2010,36.0
K-pop,2016,192522.59999999998
K-pop,2017,239868.55000000002
K-pop,2018,476648.0000000002
K-pop,2019,955069.2000000003
K-pop,2020,1116795.0999999999
K-pop Girl Group,2020,144948.35
K-rap,2019,6750.849999999999
K-rap,2020,5470.8
Karadeniz Halk Muzigi,2018,18.4
Karadeniz Halk Muzigi,2020,5019.300000000001
Kentucky Hip Hop,2016,1468.8
Kentucky Hip Hop,2017,28253.799999999996
Kentucky Hip Hop,2018,4020.7000000000003
Kentucky Hip Hop,2019,149.10000000000002
Kentucky Hip Hop,2020,16327.1
Kentucky Indie,2020,10.4
Kiwi Rock,1988,2683.000000000001
Kiwi Rock,1999,11778.7
Kizomba,2017,18.4
Korean Pop,2019,572.0
Korean R&b,2017,997.6
La Indie,2019,1072366.2
La Indie,2020,555411.05
La Pop,2016,242056.75000000012
La Pop,2017,205140.60000000015
La Pop,2018,260142.85000000024
La Pop,2019,15093.15
La Pop,2020,41037.1
Latin,1994,210.05
Latin,2015,507.2000000000001
Latin,2016,14578.05
Latin,2017,821396.8500000013
Latin,2018,2634325.350000001
Latin,2019,1036805.9000000008
Latin,2020,24792.899999999998
Latin Alternative,2003,1023.2000000000004
Latin Arena Pop,2017,18397.65
Latin Arena Pop,2018,24.8
Latin Arena Pop,2019,372.00000000000006
Latin Pop,1999,601.0500000000001
Latin Pop,2018,63003.15
Latin Pop,2019,90366.55000000003
Latin Pop,2020,8009.5999999999985
Latin Talent Show,2017,123.20000000000002
Latin Talent Show,2018,1886.7
Latin Talent Show,2019,24.0
Latin Talent Show,2020,666.95
Latin Viral Pop,2016,16.0
Latin Viral Pop,2020,27.20000000000001
Lilith,2005,174.04999999999998
Lilith,2008,241.60000000000005
Lithuanian Electronic,2018,91980.6
Lo-fi Cover,2020,114.40000000000002
London Rap,2018,760.15
London Rap,2019,1259.4999999999998
London Rap,2020,44679.75000000001
Luxembourgian Hip Hop,2017,0.8
Luxembourgian Hip Hop,2019,7.2
Macedonian Pop,2019,76.0
Malay Rap,2017,630.1
Malaysian Hip Hop,2018,8156.600000000001
Malaysian Indie,2016,195.20000000000005
Malaysian Indie,2019,18694.550000000007
Malaysian Mandopop,2017,1723.1000000000006
Malaysian Pop,2017,8.0
Malaysian Pop,2019,14260.400000000003
Malaysian Pop,2020,10668.250000000004
Manchester Hip Hop,2018,428.8
Manchester Hip Hop,2019,124256.79999999997
Manchester Hip Hop,2020,106236.45
Mandopop,2002,330.7999999999999
Mandopop,2016,4122.75
Mandopop,2017,7115.0999999999985
Mandopop,2018,87461.1
Mandopop,2019,269861.14999999997
Mandopop,2020,5837.549999999999
Melancholia,2016,287.7
Melbourne Bounce,2016,39.2
Melbourne Bounce,2017,417.6
Melbourne Bounce International,2020,2512.8500000000004
Melodic Metalcore,2018,1818.3500000000001
Melodic Metalcore,2019,6740.8
Melodic Metalcore,2020,10071.45
Melodic Rap,2016,82329.90000000001
Melodic Rap,2017,1896004.3000000003
Melodic Rap,2018,1313086.7000000002
Melodic Rap,2019,2625062.1000000006
Melodic Rap,2020,1654201.1
Melodipop,2016,44.00000000000001
Melodipop,2017,60.800000000000004
Melodipop,2019,75.2
Meme Rap,2017,281.59999999999997
Meme Rap,2018,4610.4
Meme Rap,2019,27810.85
Meme Rap,2020,229.60000000000002
Memphis Hip Hop,2019,143314.85
Memphis Hip Hop,2020,166633.7
Metal,2018,3273.45
Metropopolis,2013,25398.80000000001
Metropopolis,2016,2959.0
Metropopolis,2017,16062.950000000003
Metropopolis,2018,11762.150000000003
Metropopolis,2019,20510.499999999996
Metropopolis,2020,1070.3999999999999
Mexican Edm,2019,1513.3
Miami Hip Hop,2016,224.0
Miami Hip Hop,2018,86758.75
Miami Hip Hop,2019,191.7
Military Band,1988,55.2
Modern Alternative Pop,2019,165.85
Modern Alternative Pop,2020,1555.2000000000005
Modern Alternative Rock,2013,23564.0
Modern Alternative Rock,2014,37.6
Modern Alternative Rock,2015,10313.099999999999
Modern Alternative Rock,2016,19122.550000000003
Modern Alternative Rock,2017,53868.25
Modern Alternative Rock,2018,42385.45
Modern Alternative Rock,2019,20916.6
Modern Alternative Rock,2020,9366.300000000001
Modern Blues,2015,136.0
Modern Blues,2020,453.20000000000005
Modern Blues Rock,2017,117.30000000000001
Modern Blues Rock,2018,3626.3999999999996
Modern Folk Rock,2009,118.4
Modern Folk Rock,2012,4583.800000000001
Modern Folk Rock,2015,77.60000000000002
Modern Folk Rock,2018,3178.0499999999997
Modern Folk Rock,2019,95.2
Modern Indie Pop,2020,119968.25
Modern Rock,2004,1280.65
Modern Rock,2005,2861.15
Modern Rock,2006,497.45
Modern Rock,2007,105.9
Modern Rock,2008,1069.55
Modern Rock,2012,58884.15000000001
Modern Rock,2013,331.20000000000005
Modern Rock,2014,143806.15
Modern Rock,2015,521714.65
Modern Rock,2016,391906.45
Modern Rock,2017,5321981.800000001
Modern Rock,2018,1444955.6500000001
Modern Rock,2019,144.0
Modern Rock,2020,82172.7
Motown,1966,188.6
Motown,1970,50644.1
Mundart,2019,64.0
Music Hall,2000,68.8
Musica Catalana,2020,0.8
Musical Advocacy,2017,5470.6
N-a,1957,98426.20000000001
N-a,1986,16627.350000000002
N-a,1987,13275.950000000004
N-a,1990,6659.450000000001
N-a,1992,80807.85
N-a,1999,137.60000000000002
N-a,2000,4.800000000000002
N-a,2003,17.6
N-a,2007,93.6
N-a,2010,4142.2
N-a,2012,3322.65
N-a,2013,1415.3
N-a,2015,715.4999999999999
N-a,2016,194994.4
N-a,2017,285075.85
N-a,2018,128121.79999999999
N-a,2019,235433.89999999997
N-a,2020,352786.30000000005
Neo Mellow,1996,20.8
Neo Mellow,2001,14511.99999999999
Neo Mellow,2004,3708.499999999999
Neo Mellow,2005,1366.4
Neo Mellow,2008,400.00000000000006
Neo Mellow,2013,55533.69999999999
Neo Mellow,2014,73.60000000000002
Neo Mellow,2015,73.60000000000002
Neo Mellow,2016,948907.95
Neo Mellow,2017,83702.75
Neo Mellow,2018,530818.05
Neo Mellow,2019,63339.149999999994
Neo R&b,2017,27.20000000000001
Neo Soul,2001,31.2
Neo Soul,2008,2614.7
Neo Soul,2011,113.6
Neo Soul,2015,2352.0
Neo Soul,2016,60.0
Neo Soul,2017,701883.7
Neo-psychedelic,2018,488.7
Neo-singer-songwriter,2015,113.6
New French Touch,2017,1944.1500000000003
New French Touch,2018,28.8
New Jersey Rap,2015,163.20000000000002
New Jersey Rap,2016,2595.2
New Jersey Rap,2018,195.20000000000002
New Wave Pop,1981,112.80000000000001
New Wave Pop,1983,48508.15
New Wave Pop,1990,168.55000000000004
New Wave Pop,2018,195.20000000000002
Nordic House,2017,8945.0
Nordic House,2019,2039.0
Nordic House,2020,5273.400000000001
Norges Stemme,2017,2255.9500000000003
Norges Stemme,2018,12208.1
Norges Stemme,2020,2409.35
North Carolina Hip Hop,2019,456068.9
North Carolina Hip Hop,2020,1482742.75
Norwegian Hip Hop,2017,32.800000000000004
Norwegian Hip Hop,2018,68.0
Norwegian Indie,2017,405.35
Norwegian Indie,2018,8643.850000000002
Norwegian Indie,2019,498.7
Norwegian Indie,2020,3324.7999999999997
Norwegian Pop,2016,10450.199999999999
Norwegian Pop,2017,63383.65
Norwegian Pop,2018,120469.04999999996
Norwegian Pop,2019,71400.85
Norwegian Pop,2020,25172.9
Nyc Rap,2003,75.2
Nyc Rap,2017,1103.2
Nyc Rap,2018,104.0
Nz Electronic,2017,2632.8000000000006
Nz Hip Hop,2016,14103.35
Nz Hip Hop,2017,1000.8000000000003
Nz Hip Hop,2018,33846.90000000001
Nz Pop,1996,26.400000000000002
Nz Pop,2008,74.4
Nz Pop,2011,23075.15
Nz Pop,2015,19385.100000000013
Nz Pop,2017,122061.49999999993
Nz Pop,2018,88032.35
Nz Pop,2019,1269075.5000000002
Nz Pop,2020,1052669.4999999998
Nz Reggae,2017,300.0
Nz Reggae,2018,10634.750000000004
Nz Reggae,2019,661.2500000000002
Ohio Hip Hop,2017,718676.75
Ohio Hip Hop,2019,39278.3
Ohio Hip Hop,2020,153664.6
Operatic Pop,1985,186.4
Operatic Pop,2010,2672.850000000001
Operatic Pop,2012,824.7500000000002
Operatic Pop,2013,56.0
Opm,2006,3021.6000000000013
Opm,2011,60.8
Opm,2016,821.6000000000004
Opm,2017,1020.2500000000005
Opm,2018,202693.05000000005
Opm,2019,19489.750000000004
Opm,2020,4923.600000000002
Orebro Indie,2019,29532.699999999997
Permanent Wave,1994,242.6
Permanent Wave,2000,52054.600000000006
Permanent Wave,2002,454409.7
Permanent Wave,2005,44427.04999999999
Permanent Wave,2008,15155.5
Permanent Wave,2010,110146.95000000001
Permanent Wave,2011,9108.85
Permanent Wave,2014,10068.750000000002
Permanent Wave,2015,116397.20000000001
Permanent Wave,2016,29050.9
Permanent Wave,2017,8153.1
Permanent Wave,2019,61533.3
Pinoy Hip Hop,2017,3989.449999999999
Pinoy R&b,2017,8.8
Pinoy R&b,2020,67.2
Polish Alternative,2013,117.6
Polish Alternative,2016,44.000000000000014
Polish Alternative Rap,2020,1373.45
Polish Hip Hop,2017,5853.599999999998
Polish Hip Hop,2018,147414.44999999998
Polish Hip Hop,2019,134461.55
Polish Hip Hop,2020,20993.85
Polish Indie,2012,86.7
Polish Pop,2017,185.6
Polish Pop,2018,47858.799999999996
Polish Pop,2019,122.4
Pop,1972,719.05
Pop,1979,182.40000000000003
Pop,1982,30405.4
Pop,2009,666.15
Pop,2010,26.4
Pop,2011,59639.00000000001
Pop,2012,3466.2999999999997
Pop,2013,1472.8000000000004
Pop,2014,358676.0
Pop,2015,366879.74999999994
Pop,2016,3300731.0999999987
Pop,2017,18260031.700000007
Pop,2018,6512237.850000002
Pop,2019,16020052.950000001
Pop,2020,2396926.5500000003
Pop Argentino,2019,39834.20000000001
Pop Argentino,2020,38556.94999999999
Pop Costarricense,2017,498.40000000000003
Pop Dance,2013,59.2
Pop Dance,2017,30675.550000000007
Pop Dance,2018,119377.14999999998
Pop Dance,2019,7815.599999999997
Pop Dance,2020,18663.149999999998
Pop Edm,2016,4402.4000000000015
Pop Edm,2017,40332.100000000006
Pop Edm,2018,13.6
Pop Edm,2019,124.45
Pop Edm,2020,127029.20000000001
Pop Folk,2016,60.8
Pop Punk,1999,415.65
Pop Punk,2003,14.4
Pop Punk,2017,74.39999999999998
Pop Punk,2019,396.70000000000005
Pop R&b,2018,34065.75
Pop R&b,2019,23587.15
Pop R&b,2020,72911.65
Pop Rap,2005,162.4
Pop Rap,2015,1035.1499999999999
Pop Rap,2016,1051064.45
Pop Rap,2017,537.6
Pop Rap,2018,1065283.6
Pop Rap,2019,2070865.0000000002
Pop Rap,2020,378490.74999999994
Pop Rock,1997,439.85
Pop Rock,1998,36.80000000000001
Pop Rock,1999,1159.3500000000001
Pop Soul,2015,303.5
Pop Soul,2020,110.4
Portsmouth Indie,2016,38.40000000000001
Portuguese Indie,2018,10.4
Portuguese Pop,2016,5025.1500000000015
Portuguese Pop,2017,513.6000000000001
Portuguese Pop,2019,11.2
Post-teen Pop,2016,235751.44999999998
Progressive Electro House,2017,48.8
Progressive Trance,2018,129.60000000000002
R&b,2008,1809.0
R&b En Espanol,2018,29.6
R&b En Espanol,2019,372.4
Rap,2015,1087.2
Rap,2016,1008716.8999999999
Rap,2018,1985769.8500000015
Rap,2019,1356649.7000000004
Rap,2020,816656.7999999999
Rap Chileno,2019,41109.05
Rap Espanol,2018,1.6
Rap Espanol,2019,58.40000000000001
Rap Espanol,2020,316.65000000000003
Rap Francais,2020,268.8
Rap Rock,2005,3.2
Reggae,1977,1163.2000000000003
Reggae,1992,49.6
Reggae,2020,308.3
Reggae Fusion,1996,73.60000000000002
Reggae Fusion,2012,13076.500000000002
Reggae Fusion,2017,3.2
Reggaeton,2019,630377.2500000005
Reggaeton Chileno,2018,64.0
Reggaeton Chileno,2020,5.6000000000000005
Reggaeton Colombiano,2020,9.6
Reggaeton Flow,2018,12363.15
Reggaeton Mexicano,2020,11.2
Rock-and-roll,1957,68595.45
Rock-and-roll,1961,54.4
Rock-and-roll,1972,13.6
Rock-and-roll,2013,516.0
Rock-and-roll,2017,414.40000000000003
Romanian Pop,2017,184.8
Russelater,2020,2.4000000000000004
Russian Dance,2018,1246.3999999999996
Sad Rap,2020,2342.05
San Diego Rap,2016,45732.25000000001
Scandinavian R&b,2017,55.2
Scandinavian R&b,2018,1004.6
Scandinavian R&b,2019,117.60000000000002
Scandinavian R&b,2020,788.6500000000003
Scandipop,2017,3221.2
Scandipop,2018,1714.3000000000002
Scandipop,2019,90.1
Schweizer Rap,2019,19.200000000000006
Shimmer Pop,2013,5933.649999999998
Shimmer Pop,2017,52.0
Show Tunes,2015,472.8000000000001
Show Tunes,2017,216047.2
Singaporean Pop,2017,1208.8
Singaporean Pop,2018,15691.600000000006
Singaporean Pop,2019,23305.800000000003
Sky Room,2018,8.8
Sleep,2010,140.8
Soca,2004,576.5
Social Media Pop,2017,71762.30000000002
Social Media Pop,2019,923.6999999999999
Social Media Pop,2020,5711.5
Spanish Pop,2019,165.1
Stomp And Holler,2008,416.0
Swedish Alternative Rock,2017,14203.55
Swedish Alternative Rock,2018,76.8
Swedish Dancehall,2018,239.20000000000002
Swedish Gangsta Rap,2017,920.8
Swedish Gangsta Rap,2018,15046.300000000003
Swedish Gangsta Rap,2019,37453.95
Swedish Gangsta Rap,2020,75931.45000000001
Swedish Hip Hop,2017,16113.25
Swedish Hip Hop,2018,3257.4999999999995
Swedish Hip Hop,2019,3371.25
Swedish Hip Hop,2020,4613.3
Swedish Idol Pop,2017,12064.100000000002
Swedish Idol Pop,2018,74.4
Swedish Idol Pop,2019,1690.9499999999998
Swedish Idol Pop,2020,11162.199999999999
Swedish Pop,2017,75316.1
Swedish Pop,2018,47766.99999999999
Swedish Pop,2019,72899.19999999998
Swedish Pop,2020,3889.2
Swedish Soul,2019,38.40000000000001
Swedish Trap Pop,2020,470.55000000000007
Swedish Tropical House,2017,1359.5
Swedish Tropical House,2018,144.0
Swiss Indie,2017,23.20000000000001
Swiss Rock,2018,16.8
Taiwanese Pop,2011,32.0
Talent Show,2016,4536.900000000001
Trap,2020,5778.5
Trap Argentino,2018,832.3499999999997
Trap Argentino,2019,1153.0
Trap Baiano,2019,492.80000000000007
Trap Chileno,2020,15009.55
Trap Italiana,2019,111.8
Trap Latino,2018,383.20000000000016
Trap Latino,2020,192658.69999999998
Trap Tuga,2020,1682.1499999999996
Tropical House,2017,34060.3
Tropical House,2018,61934.44999999998
Turbo Folk,2020,356.8000000000001
Turkish Edm,2018,1067.6
Turkish Edm,2019,1986.4
Turkish Hip Hop,2017,43242.399999999994
Turkish Hip Hop,2018,22.4
Turkish Hip Hop,2019,85.85
Turkish Hip Hop,2020,9690.25
Turkish Pop,2017,12921.449999999995
Uk Alternative Hip Hop,2018,35.2
Uk Alternative Hip Hop,2019,142.4
Uk Alternative Pop,2006,520.5000000000001
Uk Contemporary R&b,2015,42.40000000000001
Uk Contemporary R&b,2016,80.0
Uk Contemporary R&b,2017,618.1
Uk Dance,2017,344.8
Uk Dance,2019,47.20000000000001
Uk Drill,2017,59.2
Uk Drill,2018,10716.699999999995
Uk Drill,2019,77876.70000000001
Uk Drill,2020,37384.2
Uk Garage,1998,8.0
Uk Garage,1999,72.0
Uk Garage,2000,36.8
Uk Garage,2008,4.0
Uk Hip Hop,2016,66905.6
Uk Hip Hop,2017,63787.49999999999
Uk Hip Hop,2018,139215.0
Uk Hip Hop,2019,396673.9000000001
Uk Hip Hop,2020,208030.30000000002
Uk Pop,2015,28.800000000000004
Uk Pop,2016,10374.650000000001
Uk Pop,2017,39804.45
Uk Pop,2018,3155.1500000000005
Vapor Pop,2019,108596.69999999995
Vapor Trap,2017,855.2000000000003
Vapor Trap,2018,56.0
Vapor Trap,2019,58.4
Video Game Music,2018,733.6000000000001
Video Game Music,2020,375.55
Viral Pop,2016,104.65
Viral Pop,2017,648.0
Viral Pop,2018,13.6
Viral Rap,2020,22584.75
