,Artist,Artist_followers,Genre,streams,popularity
0,*NSYNC,1371493.0,Ambigious / Others,28173.0,24.0
1,10cm,140472.0,Indie,2750.0,15.2
2,2 Chainz,5854248.0,Hip Hop,4783450.0,932.8000000000001
3,21 Savage,8668809.0,Hip Hop,907819640.0,832339.95
4,2Pac,9276301.0,Funk,1544535.0,497.75
5,3robi,160805.0,Hip Hop,718446.0,1262.15
6,4Keus,652020.0,Ambigious / Others,131879.0,113.6
7,5 Seconds of Summer,6734577.0,Ambigious / Others,3837262854.0,5249398.100000002
8,50 Cent,6449945.0,Hip Hop,742398.0,3841.2499999999995
9,6LACK,2580696.0,R&b,62493859.0,26716.5
10,6ix9ine,5963018.0,Rap,588666.0,165.10000000000002
11,88GLAM,316074.0,Hip Hop,2193760.0,10651.500000000004
12,98º,285844.0,Ambigious / Others,537891.0,1888.4999999999995
13,A Boogie Wit da Hoodie,5184928.0,Rap,104275613.0,29318.45
14,A Great Big World,426635.0,Indie,2842.0,11.2
15,A Little Nothing,2816.0,Indie,2225.0,15.2
16,A R I Z O N A,338687.0,Electronic / EDM,111326711.0,139635.65
17,A$AP Ferg,2699921.0,Hip Hop,4866247.0,1446.6000000000001
18,A$AP Rocky,8122580.0,Hip Hop,66659783.0,38301.450000000004
19,AC/DC,16711265.0,Rock,15148736.0,18391.3
20,ADAAM,39471.0,Hip Hop,694177.0,1527.1
21,AGNEZ MO,0.0,Ambigious / Others,58868.0,251.6
22,AJ Mitchell,490508.0,Pop,3400.0,16.0
23,AJ Rafael,112677.0,Pop,333397.0,60.8
24,AJ Tracey,738459.0,Electronic / EDM,7158911.0,175682.0000000001
25,AJR,1464818.0,Rock,878787293.0,740235.3000000002
26,AK AUSSERKONTROLLE,619849.0,Hip Hop,8447968.0,6004.5
27,ALMA,190017.0,Pop,31481989.0,155824.45
28,ALMA,2472.0,Pop,302586.0,827.2
29,ANNICA,642.0,Ambigious / Others,20901.0,19.200000000000006
30,ANYA,7593.0,Pop,18018.0,22.4
31,AOA,559321.0,K-pop,13666.0,119.20000000000002
32,ARTY,150763.0,Electronic / EDM,3093.0,21.6
33,ARY,16129.0,Indie,12337.0,21.6
34,AURORA,1063055.0,Pop,124300.0,183.6
35,AVEC,23228.0,Indie,2607.0,6.4
36,Aaron Carter,205131.0,Pop,70572593.0,98121.40000000001
37,Abdullah İnal,3976.0,Ambigious / Others,205293.0,896.8000000000003
38,Ace of Base,424088.0,Dance,4813.0,11.2
39,Adel,53535.0,Rap,154048.0,294.8
40,Adele,24014946.0,Soul,316385112.0,711634.3000000002
41,Aden,22484.0,Rap,19132.0,17.6
42,Aden x Asme,45327.0,Hip Hop,167028.0,323.15
43,Adrees,1413.0,Ambigious / Others,58898.0,216.00000000000003
44,Adrian Sellevoll,9264.0,Pop,136059.0,536.2
45,Agust D,3258648.0,Rap,5584432.0,5459.6
46,Ahmad Abdul,38961.0,Pop,15205.0,13.6
47,Ahna Mac,487.0,Ambigious / Others,14473.0,77.6
48,Aitana,1223806.0,Pop,3601833.0,4575.5
49,Aitch,548585.0,Hip Hop,19122.0,54.40000000000001
50,Alan Walker,24925809.0,Electronic / EDM,585526569.0,2817899.0
51,Alba Reche,81917.0,Ambigious / Others,175605.0,195.25000000000003
52,Albin Lee Meldau,62067.0,Pop,80321.0,145.60000000000005
53,Alec Benjamin,2130472.0,Pop,1451622681.0,2961983.4499999997
54,Alejandro Fernández,3543693.0,Ambigious / Others,252535.0,630.1500000000001
55,Alessia Cara,7910658.0,R&b,294087548.0,805560.0500000002
56,Alesso,3485991.0,Electronic / EDM,3691931.0,9739.45
57,Alex Järvi,6137.0,Pop,1458311.0,3451.849999999999
58,Alex Mattson,7679.0,Pop,3077342.0,25560.8
59,Alex Porat,35422.0,Pop,203293.0,40.8
60,Alexisonfire,285114.0,Rock,40375.0,60.0
61,Alextbh,59293.0,R&b,6921.0,22.4
62,Alfred García,120589.0,Ambigious / Others,365570.0,587.25
63,Ali Gatie,1412470.0,Hip Hop,238492579.0,349309.1
64,Alice Merton,260012.0,Rock,52959346.0,257105.90000000008
65,Alicia Keys,8049832.0,Pop,33019995.0,82886.2
66,Alicia Moffet,21554.0,Pop,270169.0,342.8
67,Alida,7552.0,Pop,49718.0,137.6
68,Alien Ant Farm,587282.0,Metal,3166.0,23.20000000000001
69,Alif Satar,143136.0,Indie,2266330.0,37389.10000000001
70,Alison Wonderland,386688.0,Electronic / EDM,10490841.0,13165.350000000002
71,Allie X,488461.0,Pop,502344.0,473.1
72,Ally Brooke,351046.0,Pop,12161.0,84.80000000000003
73,Aloe Blacc,606464.0,Soul,473736.0,619.0
74,Alphabeat,50254.0,Pop,1771377.0,10056.200000000003
75,AlunaGeorge,398478.0,Pop,722349.0,859.1999999999997
76,Alyssa Reid,47466.0,Pop,224584.0,263.2
77,Amaia,232619.0,Ambigious / Others,2717660.0,5235.599999999999
78,Amanda Fondell,104298.0,Pop,26071.0,48.0
79,Amaranthe,377875.0,Metal,38390.0,180.8
80,Amelia van Hootens,400.0,Ambigious / Others,158815.0,273.6
81,American Authors,1120806.0,Pop,93099.0,374.40000000000003
82,Aminé,1435088.0,Hip Hop,520349320.0,185157.95
83,Amorphis,210286.0,Metal,114750.0,244.5
84,Amy Shark,287022.0,Pop,85953197.0,185615.3
85,Amy Soonyoung,264.0,Ambigious / Others,222711.0,389.3
86,Amy Winehouse,6717105.0,Soul,131255.0,1264.4
87,Ana Diaz,11958.0,Pop,14553832.0,9006.0
88,Anderson .Paak,1615546.0,Electronic / EDM,2878632.0,676.8
89,Andi Bernadee,71527.0,Pop,1442867.0,10668.250000000004
90,Andra Day,305829.0,Soul,139225.0,1360.8
91,Andrew Billings,301.0,Ambigious / Others,29193.0,105.8
92,Andrew McMahon in the Wilderness,153178.0,Ambigious / Others,177403.0,216.0
93,Andy Grammer,855112.0,Pop,154759704.0,335250.25000000006
94,Ane Brun,239026.0,Ambigious / Others,84224.0,287.7
95,Angelina Jordan,98401.0,Jazz,105964.0,645.5999999999999
96,Angus & Julia Stone,1060495.0,Folk,53051551.0,191856.30000000005
97,Anis Don Demina,29988.0,Pop,777581.0,2421.6500000000005
98,Anita Kerr Singers,2327.0,Ambigious / Others,31243490.0,17960.85
99,Anna Hamilton,29206.0,Ambigious / Others,19064636.0,57296.99999999997
100,Anna of the North,147612.0,Pop,83898.0,201.10000000000002
101,Anne-Marie,6611345.0,Pop,2354254807.0,4165928.350000002
102,Ant Saunders,76003.0,Pop,201070884.0,318165.80000000005
103,Ant Wan,65209.0,Rap,24167074.0,56785.75
104,Anton Hagman,9466.0,Ambigious / Others,35586.0,86.7
105,Apache 207,1255334.0,Hip Hop,82896414.0,54859.10000000001
106,Arcade Fire,1835695.0,Dance,1399558.0,13925.85
107,Arctic Monkeys,9945189.0,Rock,55596028.0,92285.5
108,Aretha Franklin,2387675.0,Soul,11586290.0,20173.2
109,Ariana Grande,52571724.0,Pop,1790036555.0,1671883.7
110,Arizona Jones,2750.0,Electronic / EDM,3140.0,18.4
111,Arkells,131932.0,Indie,27588.0,52.0
112,Artigeardit,19841.0,Hip Hop,88473.0,426.3
113,Artists for Grenfell,4858.0,Ambigious / Others,132495.0,2054.75
114,Arttu Lindeman,33497.0,Pop,1071364.0,11030.849999999999
115,Arvingarna,49421.0,Pop,16416222.0,47152.04999999999
116,Ashafar,111471.0,Hip Hop,2356468.0,2132.0999999999995
117,Ashley O,58307.0,Ambigious / Others,80887867.0,53754.0
118,Ashnikko,478088.0,Pop,235071185.0,111265.70000000001
119,Aslan,21825.0,Rock,15210.0,8.0
120,Asme,39723.0,Rap,2306146.0,5282.700000000002
121,Astrid S,693115.0,Pop,34016333.0,118806.14999999998
122,Ateyaba,103523.0,Hip Hop,202601.0,175.2
123,Ati242,117094.0,Hip Hop,27906.0,56.0
124,Atomic Kitten,271775.0,Dance,4143.0,60.8
125,Au/Ra,254539.0,Electronic / EDM,20506.0,23.20000000000001
126,Audioslave,2977392.0,Metal,174166.0,669.8
127,Audrey Mika,151639.0,Ambigious / Others,2274732.0,5551.400000000002
128,August Alsina,2028786.0,Pop,149475.0,1.6
129,August Dahl,668.0,Ambigious / Others,9670.0,12.0
130,Ava Max,2457248.0,Pop,1768407698.0,2716926.0500000003
131,Avicii,18439913.0,Electronic / EDM,874201676.0,970740.4
132,Avril Lavigne,6408379.0,Pop,40816821.0,129196.74999999994
133,Axwell /\ Ingrosso,2193315.0,Electronic / EDM,1951315006.0,2791770.7499999995
134,Aya Nakamura,2278575.0,Ambigious / Others,96864.0,109.6
135,Ayo & Teo,678723.0,Pop,183576827.0,68494.30000000002
136,Ayzha Nyree,24322.0,Ambigious / Others,99897.0,152.0
137,Azet,1079491.0,Hip Hop,1082422.0,3384.0499999999997
138,B Young,229560.0,Jazz,125023.0,843.2
139,BAEKHYUN,1458526.0,K-pop,182669.0,585.0500000000001
140,BANKS,921469.0,R&b,16289.0,201.5
141,BANNERS,322063.0,Pop,229961941.0,127655.9
142,BENEE,491626.0,Pop,51145624.0,463214.75
143,BLACKPINK,16413563.0,K-pop,734230118.0,1497530.150000001
144,BRADO,58041.0,Hip Hop,106100.0,41.6
145,BRELAND,23207.0,Ambigious / Others,329306.0,200.0
146,BTS,24755789.0,K-pop,1798681328.0,1061036.45
147,Backstreet Boys,3497769.0,Ambigious / Others,25751960.0,111671.30000000002
148,Bad Wolves,443959.0,Metal,7378128.0,17075.899999999998
149,"Baddiel, Skinner & Lightning Seeds",4364.0,Ambigious / Others,5298766.0,788.3
150,Bag Raiders,190262.0,Dance,30876761.0,57714.2
151,Bailey Jehl,5798.0,Ambigious / Others,1177401.0,5517.450000000001
152,Baka Not Nice,108190.0,Hip Hop,346147.0,293.6
153,Bakermat,296114.0,Electronic / EDM,854123.0,2625.8500000000004
154,Ball Park Music,107698.0,Punk,72003.0,37.6
155,Balthazar,178940.0,Indie,121003.0,1221.95
156,Bamboo,5780.0,Ambigious / Others,30063.0,56.0
157,Bankrol Hayden,258233.0,Rap,4087994.0,1657.6000000000001
158,Basement Jaxx,400790.0,Dance,6890.0,18.4
159,Bastille,4522936.0,Pop,18433961.0,66021.75
160,Baustelle,141565.0,Pop,182666.0,905.2
161,Bazart,65312.0,Indie,13809.0,76.8
162,Bazzi,3807231.0,Pop,2588259724.0,1568834.3
163,Bebe Rexha,5754092.0,Pop,188358152.0,299857.35000000003
164,Becca Adams,7142.0,Pop,13505.0,3.2
165,Beck,1158379.0,Rock,2545.0,2.4000000000000004
166,Becky Hill,220140.0,Pop,28595.0,52.8
167,Bee Gees,3761201.0,Ambigious / Others,3566126.0,2735.2000000000007
168,Bek Phillips,61.0,Ambigious / Others,17513.0,4.0
169,Belah,25528.0,Hip Hop,439163.0,235.20000000000002
170,Belinda Carlisle,480979.0,Pop,37278.0,177.60000000000005
171,Ben Howard,1806180.0,Ambigious / Others,294398.0,430.6500000000001
172,Ben&Ben,2506967.0,Pop,4176569.0,8362.5
173,Bene,12440.0,Pop,11214305.0,70043.59999999999
174,Benjamin Hav,6000.0,Pop,14266.0,63.2
175,Benjamin Ingrosso,103472.0,Pop,33147047.0,48622.6
176,Benjamin Kheng,4872.0,Pop,32801.0,67.2
177,Benni Sparks,348.0,Ambigious / Others,50722.0,106.4
178,Benny Jamz,21669.0,Hip Hop,304341.0,1753.2
179,Bernard Fanning,115893.0,Rock,208982.0,320.00000000000006
180,Beta Radio,48745.0,Pop,7130.0,22.4
181,Beth Ditto,79247.0,Pop,7207.0,52.800000000000004
182,Betty Who,226372.0,Dance,3935.0,55.2
183,Beyoncé,24958001.0,Pop,40863117.0,17106.05
184,Bhad Bhabie,2280623.0,Pop,192643.0,4.0
185,Bicep,207047.0,Electronic / EDM,160595.0,1619.6
186,Biffy Clyro,596908.0,Rock,909855.0,2784.1
187,Big Boi,311886.0,Hip Hop,7085478.0,10530.4
188,Big Sean,7838718.0,Hip Hop,709986142.0,439849.7499999998
189,Bilderbuch,190678.0,Pop,12751.0,272.9
190,Bill Withers,990298.0,Funk,4009246.0,7515.700000000001
191,Billie Eilish,34697267.0,Pop,253889315.0,368901.89999999997
192,Billy Currington,1878610.0,Country,18785660.0,4185.6
193,Billy Joel,3031316.0,Rock,3942405.0,9535.400000000003
194,Bing Crosby,316402.0,Ambigious / Others,60780127.0,67390.45000000001
195,Birds Of Tokyo,175669.0,Rock,13202634.0,17970.100000000002
196,Birdy,3113938.0,Pop,404581.0,1601.1000000000006
197,Bishara,16629.0,Ambigious / Others,6957329.0,12973.85
198,Bishop Briggs,625813.0,Pop,350609.0,1073.6000000000001
199,Bizzey,341448.0,Hip Hop,325087.0,605.5
200,Black Eyed Peas,4907118.0,Pop,27980767.0,11604.95
201,Blanche,20143.0,Ambigious / Others,6779164.0,37716.99999999999
202,Blanco Brown,110649.0,Rap,401929034.0,244169.5
203,Blind Channel,11878.0,Metal,5848.0,1.6
204,Blizzy,18393.0,Rap,153923.0,239.20000000000005
205,Blue,356789.0,Ambigious / Others,4123.0,88.39999999999998
206,Blueboy,3641.0,R&b,490044.0,3671.05
207,Blueface,3121692.0,Rap,276474739.0,146474.05
208,Bob Dylan,4611534.0,Rock,1089741.0,5304.999999999999
209,Bob Marley & The Wailers,8781395.0,Reggae,1028829.0,1796.8000000000002
210,Bob Pressner,48.0,Ambigious / Others,188347.0,333.2999999999999
211,Bobby Helms,16168.0,Ambigious / Others,1892267619.0,909119.9
212,Bobby Vee,128671.0,Ambigious / Others,3924.0,50.40000000000001
213,Boef,886076.0,Hip Hop,7539893.0,14147.350000000002
214,Bokoesam,90692.0,Hip Hop,56151.0,23.20000000000001
215,Bon Iver,2788650.0,Indie,1263576.0,1801.2000000000003
216,Bon Jovi,8476167.0,Metal,837561.0,1645.2
217,Bonez MC,1446155.0,Hip Hop,1636317.0,2544.25
218,Bonobo,1075205.0,Ambigious / Others,30737.0,294.9
219,Boo Seeka,60473.0,Electronic / EDM,18252.0,10.4
220,Boyz II Men,1927560.0,Ambigious / Others,39089.0,24.8
221,Boyzone,626599.0,Ambigious / Others,12818665.0,55960.64999999995
222,Bradley Cooper,161775.0,Ambigious / Others,1193706.0,12076.800000000001
223,Brent Faiyaz,1014528.0,R&b,52979792.0,10761.050000000001
224,Brett Eldredge,1198447.0,Country,4552873.0,3824.55
225,Brett Young,627525.0,Country,4368242.0,303.2
226,Brian McKnight,939279.0,Pop,40370.0,31.20000000000001
227,Bring Me The Horizon,3266166.0,Metal,8332506.0,2021.0500000000002
228,Britney Spears,7974170.0,Pop,2990236.0,4061.2
229,Broiler,156568.0,Electronic / EDM,824903.0,4068.4
230,Broken Back,83989.0,Electronic / EDM,1679.0,10.4
231,Broods,442102.0,Pop,4343416.0,10760.800000000001
232,Bruce Springsteen,3544731.0,Rock,1066200.0,2301.15
233,Bruno Mars,27355260.0,Pop,23159921.0,162075.55000000002
234,Bryan Adams,1839606.0,Rock,6433.0,40.8
235,Bryan Mg,20376.0,Hip Hop,203040.0,240.0
236,Bryce Vine,348666.0,Pop,72510251.0,19893.600000000006
237,Bryson Tiller,4447390.0,Hip Hop,67735135.0,24738.1
238,Bugzy Malone,594667.0,Electronic / EDM,6425.0,1.6
239,Burak Yeter,115899.0,Electronic / EDM,40574.0,124.0
240,Busted,194527.0,Ambigious / Others,12310.0,175.2
241,BØRNS,900197.0,Pop,357075845.0,184189.7
242,C.R.O,521916.0,Hip Hop,423966.0,1153.0
243,C.T.O,2556.0,Pop,17966.0,154.95
244,CHEN,986179.0,K-pop,139573.0,229.0
245,CHVRCHES,1170610.0,Pop,1191383.0,567.8000000000001
246,CJ,11351.0,Ambigious / Others,686494302.0,49826.1
247,CLC,750319.0,K-pop,227420.0,1248.9999999999998
248,CVBZ,46549.0,Dance,196695.0,180.8
249,CXLOE,25843.0,Pop,2280329.0,4214.55
250,Caballero & JeanJass,240394.0,Hip Hop,55746.0,85.6
251,Cal,522.0,Ambigious / Others,12292.0,41.6
252,Calboy,596972.0,Rap,545147626.0,177874.64999999997
253,Calcutta ,485723.0,Pop,899874.0,2295.4
254,Callalily,860214.0,Pop,34947915.0,187961.1
255,Calum Scott,2835570.0,Ambigious / Others,405611016.0,2569223.4
256,Calvin Harris,20814678.0,Pop,255970087.0,524789.5499999999
257,Cami,649079.0,Pop,25211.0,8.0
258,Camila Cabello,18673543.0,Pop,533779286.0,525501.15
259,Camille Cabaltera,6119.0,Ambigious / Others,21658.0,23.20000000000001
260,Candi Staton,48489.0,Soul,5118.0,61.6
261,Canova,106311.0,Pop,49247.0,70.4
262,Capital Bra,3722987.0,Hip Hop,1180995.0,1635.7000000000003
263,Capo,368093.0,Hip Hop,40931.0,40.0
264,Cardi B,13132135.0,Pop,1975637667.0,1201003.4
265,Carl Louis,4109.0,Ambigious / Others,11221.0,22.4
266,Carlie Hanson,214697.0,Pop,4486297.0,13097.550000000001
267,Carly Rae Jepsen,4325497.0,Pop,2932063.0,5491.3
268,Carmouflage Rose,7309.0,Hip Hop,2730437.0,4237.749999999998
269,Carrie Underwood,4222467.0,Country,228649.0,25.6
270,Catfish and the Bottlemen,850142.0,Rock,7028.0,62.40000000000001
271,Caza,9400.0,Hip Hop,25387.0,3.2
272,Cazzi Opeia,1165.0,Ambigious / Others,23236.0,28.8
273,Cazzu,2718345.0,Hip Hop,6585522.0,14802.000000000002
274,CeCe Peniston,69829.0,Electronic / EDM,39473.0,59.2
275,Cecilia Kallin,558.0,Ambigious / Others,3242.0,2.4000000000000004
276,CeeLo Green,454566.0,Hip Hop,75915.0,183.89999999999998
277,Celeste,125207.0,Soul,3993976.0,12765.7
278,Cepeda,213739.0,Pop,9898328.0,2620.0499999999997
279,Cesar Sampson,5840.0,Ambigious / Others,1548884.0,8838.2
280,Chaleeda,3085.0,Ambigious / Others,452169.0,3163.05
281,Chance the Rapper,5045736.0,Rap,55840879.0,16419.5
282,Charli XCX,2143069.0,Pop,108367.0,1069.15
283,Charlie Puth,11708460.0,Pop,3404865728.0,5399204.200000002
284,Charlotte Cardin,203084.0,Pop,2062107.0,2777.3
285,Charly García,871361.0,Rock,33727.0,79.2
286,Chase Rice,833495.0,Country,17312206.0,1927.2000000000007
287,Chasing Abbey,14897.0,Pop,442827.0,3137.5
288,Cheat Codes,1727948.0,Pop,56342.0,269.15
289,Chef'Special,131812.0,Indie,145071.0,572.8000000000002
290,Chelsea Cutler,367092.0,Pop,548428.0,40.8
291,Cheryl,465747.0,Pop,159456.0,1297.2000000000005
292,Chet Faker,107735.0,Pop,470713.0,1284.8000000000004
293,Childish Gambino,7079534.0,Hip Hop,1296425066.0,2539133.9500000007
294,Chillinit,127521.0,Hip Hop,1989424.0,1945.8500000000001
295,Chily,114547.0,Ambigious / Others,128812.0,38.40000000000001
296,Chlara,33728.0,Pop,2334.0,5.6000000000000005
297,Chris & Kem,7565.0,Ambigious / Others,72521.0,860.8000000000003
298,Chris Abolade,6272.0,Pop,14424.0,63.2
299,Chris Brown,12520603.0,Pop,453045382.0,364392.3
300,Chris Cornell,1373012.0,Metal,771316.0,481.6
301,Chris Holsten,16518.0,Indie,993911.0,4119.950000000002
302,Chris Kläfford,115008.0,Pop,6476599.0,48392.1
303,Chris Stapleton,2701859.0,Country,90050441.0,129278.8
304,Chris Tyson,1530.0,Ambigious / Others,31485.0,291.55
305,Chris Young,2006717.0,Country,12360561.0,1771.2000000000007
306,Chris de Burgh,276274.0,Pop,136668.0,1195.4
307,Christina Aguilera,5560243.0,Pop,10620585.0,26129.700000000004
308,Christina Martin,659.0,Ambigious / Others,101679.0,372.0
309,Christina Perri,2739358.0,Pop,57827092.0,676836.4500000005
310,Christmas Jazz Trio,281.0,Ambigious / Others,49398.0,20.0
311,Christopher,190014.0,Pop,3093342.0,15360.000000000004
312,Chuck Berry,1241107.0,Rock,794256.0,513.6
313,Church & AP,7497.0,Hip Hop,1120724.0,19030.90000000001
314,Ciara,4605405.0,Pop,765344.0,6412.599999999999
315,City Girls,991690.0,Pop,69449896.0,14056.749999999996
316,Claes Nilsson,1981.0,Ambigious / Others,14408.0,46.40000000000001
317,Claire Rosinkranz,73334.0,Pop,7687603.0,18052.149999999998
318,Clairo,1776056.0,Pop,272166.0,42.40000000000001
319,Clara,11334.0,Pop,5680012.0,55678.75000000001
320,Clark Anthony,383.0,Ambigious / Others,144387.0,77.6
321,Clementine Duo,14973.0,Pop,168877.0,932.8000000000001
322,CoCo Lee,16.0,Ambigious / Others,3617.0,48.0
323,Cochise,51661.0,Hip Hop,1082026.0,58.4
324,Colbie Caillat,1973275.0,Pop,14512449.0,45537.60000000001
325,Coldplay,27701635.0,Rock,571939521.0,2820498.1
326,Coleman Hell,63545.0,Pop,26954.0,89.6
327,Columbine,495753.0,Hip Hop,2227133.0,4738.100000000001
328,Comethazine,1228448.0,Rap,32048113.0,9180.8
329,Commodores,1079201.0,Ambigious / Others,502826.0,2282.5
330,Compact Disk Dummies,16783.0,Indie,12642.0,32.800000000000004
331,Conan Gray,2006952.0,Pop,1110938758.0,703843.8499999999
332,Conor Maynard,1738609.0,Pop,90488.0,223.2
333,Conrad Sewell,94936.0,Pop,11296943.0,21199.6
334,Cordae,1241881.0,Rap,5236571.0,776.8000000000002
335,Cosmo's Midnight,94575.0,Dance,809705.0,2027.7
336,Coucheron,8975.0,Electronic / EDM,11011.0,4.800000000000002
337,Counting Crows,1171496.0,Rock,3484.0,15.2
338,Craig David,619375.0,Soul,3290451.0,18935.2
339,Crazy Town,315426.0,Metal,4418.0,70.4
340,Creedence Clearwater Revival,3834291.0,Rock,13501215.0,74495.29999999996
341,Crowded House,531980.0,Rock,189674.0,650.6
342,Crush,679847.0,K-pop,6249594.0,68620.35
343,Crystal Fighters,334295.0,Dance,30777.0,22.4
344,Cub Sport,106882.0,Indie,1191579.0,970.4
345,Cyndi Lauper,1422748.0,Pop,27729.0,489.59999999999997
346,Cyrus Villanueva,811.0,Ambigious / Others,18613.0,7.2
347,Céline Dion,4235613.0,Pop,233281.0,252.00000000000003
348,D-Double,55382.0,Hip Hop,971341.0,1936.6999999999998
349,D.A.M.A,196349.0,Pop,8042.0,79.2
350,DAY6,1724058.0,K-pop,2115396.0,9468.650000000001
351,DEAMN,49232.0,Electronic / EDM,14236.0,28.799999999999997
352,DJ Jazzy Jeff & The Fresh Prince,242099.0,Rap,3440.0,8.0
353,DNCE,3458463.0,Pop,109837005.0,287503.60000000003
354,DTF,420587.0,Ambigious / Others,893409.0,995.55
355,DYGL,38275.0,Rock,3028.0,33.6
356,Dadju,2745738.0,Ambigious / Others,223491.0,252.9
357,Daecolm,8876.0,Ambigious / Others,22016.0,28.0
358,Daft Punk,6835890.0,Electronic / EDM,398996.0,831.25
359,Dagny,93383.0,Pop,49923296.0,90518.04999999997
360,Damso,2622238.0,Hip Hop,35646679.0,35475.200000000004
361,Dan + Shay,1943023.0,Country,221185965.0,129900.74999999993
362,Dan Talevski,6649.0,Pop,914606.0,1072.0
363,Dancehall Word,8724.0,Ambigious / Others,90492.0,2181.05
364,DaniLeigh,553364.0,Pop,144681.0,1524.75
365,Daniel Liebt,1556.0,Ambigious / Others,7760.0,88.0
366,Daniela Andrade,338126.0,R&b,396698.0,2453.349999999999
367,Danny Ocean,2521509.0,Ambigious / Others,242160493.0,359268.05000000005
368,Danzz,182.0,Ambigious / Others,593489.0,1017.9
369,Dardan,758075.0,Hip Hop,57321154.0,221854.6000000001
370,Darius Rucker,1722296.0,Country,15116080.0,15071.900000000005
371,Dark Polo Gang,1198734.0,Hip Hop,21619137.0,27577.0
372,Daryl Braithwaite,106679.0,Pop,4983266.0,13604.500000000005
373,Daryl Hall & John Oates,1326720.0,Rock,1919649.0,1969.0000000000005
374,Daughter,1101063.0,Pop,1696774.0,17835.34999999999
375,Dave,1108190.0,Hip Hop,1387481.0,16728.7
376,David Bowie,6108585.0,Rock,16250.0,11.2
377,David Gray,459967.0,Pop,20219.0,120.0
378,David Tao,159362.0,Pop,38162.0,513.75
379,Davin Herbrüggen,6586.0,Pop,786163.0,588.75
380,Davina Michelle,278702.0,Pop,12568773.0,26817.89999999999
381,Dawid Podsiadło,1008983.0,Ambigious / Others,41160.0,117.6
382,Daya,1154911.0,Pop,105917487.0,347679.2
383,Daði Freyr,65325.0,Pop,14499815.0,93358.25000000001
384,De Vet Du,86833.0,Rock,7899193.0,14085.4
385,DeJ Loaf,1227706.0,Hip Hop,212330.0,44.8
386,Dean Lewis,1334214.0,Pop,3115962350.0,6299448.7
387,Dean Martin,981590.0,Ambigious / Others,321864814.0,442268.85
388,Death Cab for Cutie,1212474.0,Pop,243419.0,19.200000000000006
389,Declan J Donovan,73746.0,Folk,89512.0,460.8
390,DeezyDavid,1105.0,Hip Hop,13065.0,5.6000000000000005
391,Demi Lovato,18346890.0,Pop,2256405517.0,2021775.3
392,Dennis Lloyd,487838.0,Pop,736871102.0,1900063.4000000004
393,Depeche Mode,3434152.0,Rock,5841.0,60.8
394,Dermot Kennedy,756869.0,Pop,333763427.0,1484395.9000000001
395,Des'ree,157539.0,Pop,3485.0,24.8
396,Desiigner,3061710.0,Rap,180779181.0,168820.4
397,Destiny's Child,4378040.0,Pop,71074.0,175.65
398,Devin Dawson,139548.0,Country,36423525.0,2728.8
399,Dhany Katahati,1719.0,Pop,3830.0,8.0
400,DiRTY RADiO,9434.0,Electronic / EDM,2189923.0,3730.400000000001
401,Diana Krall,790055.0,Ambigious / Others,14234.0,12.0
402,Diana Wang,46032.0,Pop,631453.0,12368.25
403,Dierks Bentley,2346020.0,Country,351268.0,18.400000000000002
404,Digga D,166001.0,Hip Hop,110841.0,214.40000000000003
405,Dinah Nah,7070.0,Ambigious / Others,1625050.0,4135.35
406,Diogo Piçarra,275940.0,Pop,4536.0,11.2
407,Dire Straits,4009211.0,Rock,12933926.0,63157.49999999997
408,Dirty Heads,557601.0,Reggae,2292.0,3.2
409,Dirty Zblu,699.0,Ambigious / Others,272540.0,2170.2500000000005
410,Disciples,199133.0,Electronic / EDM,6026800.0,79510.84999999999
411,Disturbed,4311267.0,Metal,29672.0,66.4
412,Ditte Marie,129.0,Ambigious / Others,7891.0,25.6
413,Divinyls,135242.0,Rock,33791.0,16.8
414,Dizzee Rascal,328855.0,Ambigious / Others,8612.0,68.8
415,Djadja & Dinaz,1237692.0,Ambigious / Others,395544.0,606.4000000000002
416,Djaga Djaga,37766.0,Hip Hop,1153064.0,841.45
417,Doja Cat,4098337.0,Indie,1578424199.0,2352432.4
418,Dolly Parton,1231820.0,Pop,11933.0,24.799999999999997
419,Dominic Fike,419334.0,Rock,936418730.0,1259214.75
420,Don Diablo,1668120.0,Electronic / EDM,29144.0,15.2
421,Don Henley,886720.0,Rock,5546.0,60.8
422,Don Toliver,1012488.0,Rap,1138591096.0,684254.2000000001
423,Donny Pangilinan,38962.0,Pop,3332.0,24.0
424,Dosseh,598920.0,Ambigious / Others,256071.0,172.00000000000003
425,Dotan,142840.0,Pop,10593375.0,19759.750000000007
426,Dotter,19103.0,Ambigious / Others,11794105.0,48467.299999999945
427,Drake,50593376.0,Hip Hop,9730094798.0,8022674.1499999985
428,Drama Band,24296.0,Pop,65270.0,387.8
429,Drax Project,72783.0,Pop,15444661.0,182575.5
430,DrefGold,456921.0,Hip Hop,712963.0,818.6
431,DrefQuila,736691.0,Reggae,51764.0,69.6
432,Drei Rana,28257.0,Pop,32328.0,54.40000000000001
433,Dua Lipa,20575026.0,Pop,6031327923.0,9751151.800000004
434,Duke Dumont,587841.0,Pop,3690656.0,43629.400000000016
435,Duki,3499174.0,Hip Hop,24437995.0,47093.3
436,Duki Duki,27.0,Ambigious / Others,146102.0,360.40000000000003
437,Duncan Laurence,97879.0,Pop,597985014.0,407534.5499999999
438,Dundas,49.0,Ambigious / Others,36843.0,16.8
439,Dune Rats,100237.0,Punk,64493.0,132.8
440,Dunisco,4820.0,Ambigious / Others,29168.0,80.0
441,Dustin Lynch,1459108.0,Country,92648716.0,25901.6
442,Dusty Springfield,287322.0,Ambigious / Others,3911.0,54.40000000000001
443,Dv,9285.0,Hip Hop,114019.0,102.4
444,Dylan Scott,807978.0,Country,3571780.0,414.3999999999999
445,Dynoro,208733.0,Electronic / EDM,4319026.0,17321.7
446,E.SO,45930.0,R&b,945502.0,6030.150000000001
447,EAZ,6170.0,Pop,6670.0,24.8
448,ELI,25556.0,Pop,52544.0,21.6
449,EXID,1137014.0,K-pop,1874053.0,28908.100000000002
450,EXO,6731265.0,K-pop,7496085.0,35208.25000000001
451,E^ST,52153.0,Indie,1249364.0,3497.599999999999
452,Eagle-Eye Cherry,129896.0,Rock,183903.0,645.5
453,Earl Sweatshirt,1310775.0,Hip Hop,3329547.0,365.25
454,"Earth, Wind & Fire",2611408.0,Dance,61683386.0,159839.65000000002
455,East 17,69457.0,Ambigious / Others,405582.0,5929.4
456,Ed Sheeran,71783101.0,Pop,4289722666.0,18079496.500000004
457,Eddy de Pretto,362857.0,Pop,336210.0,342.25
458,Edin,21873.0,Pop,74878.0,20.8
459,Edward Sharpe & The Magnetic Zeros,917008.0,Ambigious / Others,2319441.0,11715.849999999999
460,Einár,153880.0,Rap,1286773.0,5987.4
461,Elbow,399175.0,Pop,132591.0,593.6
462,Elderbrook,167125.0,Electronic / EDM,100532.0,340.0
463,Elias,135618.0,Hip Hop,7348460.0,12055.150000000001
464,Elias,22754.0,Ambigious / Others,174027.0,272.8
465,Elijah Woods x Jamie Fine,20761.0,Pop,518475.0,523.2
466,Elin Bergman,4642.0,Pop,44906.0,44.00000000000001
467,Elina,84082.0,Pop,1981577.0,15416.4
468,Eliot,1824.0,Ambigious / Others,231272.0,2148.4500000000007
469,Eliza May,86.0,Ambigious / Others,27364.0,78.4
470,Ella Fitzgerald,1766898.0,Ambigious / Others,47514680.0,17370.0
471,Ella Mai,3143752.0,Pop,253552.0,21.6
472,Elle King,389546.0,Rock,64843.0,117.30000000000001
473,Ellie Goulding,8604850.0,Pop,131558291.0,172999.15000000002
474,Elodie,292040.0,Pop,14829567.0,15988.95
475,Elton John,6080115.0,Rock,169919567.0,291938.4
476,Elvira Pitzner,871.0,Ambigious / Others,333942.0,1914.55
477,Elvis Presley,4758552.0,Rock,219566370.0,276129.05
478,Emil Assergård,30658.0,Ambigious / Others,28409.0,34.4
479,Emilie Nicolas,47700.0,Indie,14393.0,18.4
480,Eminem,39078037.0,Hip Hop,1114255560.0,1020939.65
481,Emma Bale,32424.0,Pop,28219.0,289.6
482,Emma Steinbakken,9781.0,Indie,163193.0,559.4
483,Empire of the Sun,987408.0,Dance,4571365.0,1442.2
484,End of the World,26117.0,Ambigious / Others,8294.0,81.60000000000002
485,Endah N Rhesa,242108.0,Folk,20603982.0,73424.0
486,Endor,24719.0,Electronic / EDM,35410713.0,249383.7500000001
487,Endre Nordvik,13821.0,Ambigious / Others,95945.0,133.60000000000002
488,Eno,623778.0,Hip Hop,59015904.0,95038.7
489,Ensi,171079.0,Hip Hop,16029.0,3.2
490,Eric Nam,861781.0,K-pop,23774.0,119.2
491,Eric Reprid,55115.0,Hip Hop,29982.0,16.8
492,Ericka Jane,3015.0,Pop,238846.0,835.1999999999997
493,Erik Lundin,15789.0,Hip Hop,20661.0,1.6
494,Esko,47570.0,Hip Hop,149641.0,178.7
495,Eunique,70781.0,Rap,198585.0,145.15
496,Eva,601868.0,Ambigious / Others,20876715.0,17118.300000000003
497,Eva Ruiz,16675.0,Ambigious / Others,92124.0,20.800000000000004
498,Evangeline Wong,16919.0,Pop,79439.0,593.0
499,Eve Ai,84003.0,Pop,17839412.0,291543.8
500,Everybody Loves an Outlaw,23053.0,Rock,2016955.0,3588.8
501,Eves Karydas,32717.0,Indie,28258.0,9.6
502,Ex Battalion,1808749.0,Pop,146363.0,103.2
503,Example,262624.0,Pop,12126.0,166.40000000000003
504,ExoDeep,9.0,Ambigious / Others,22221.0,148.8
505,Extreme,345150.0,Rock,13486745.0,72478.25000000012
506,FIDLAR,255271.0,Punk,41321.0,43.2
507,FISHER,479231.0,Electronic / EDM,9469543.0,87797.80000000002
508,FLETCHER,344691.0,Pop,41049451.0,23773.850000000006
509,FO&O,62839.0,Pop,20844.0,12.8
510,FOOL,13537.0,Pop,845905.0,2960.8
511,FTampa,186929.0,Electronic / EDM,7404.0,27.20000000000001
512,Fabri Fibra,998625.0,Hip Hop,92700.0,333.7
513,Faizal Tahir,316418.0,Pop,138120.0,377.60000000000014
514,Fall Out Boy,8310347.0,Rock,60071696.0,41231.35
515,Fan Yi Chen,31830.0,Pop,16242.0,330.7999999999999
516,Fanny Andersen,1783.0,Ambigious / Others,3647.0,54.40000000000001
517,Fard,390342.0,Hip Hop,1899197.0,2266.2
518,Fat Freddy's Drop,453126.0,Electronic / EDM,68842.0,306.15
519,Faustix,24937.0,Ambigious / Others,6583988.0,64642.55
520,Feder,160021.0,Ambigious / Others,5861978.0,12799.300000000001
521,Felon,4795.0,Electronic / EDM,2708.0,16.8
522,Fergie,4075016.0,Pop,106626.0,232.0
523,Fergus James,5742.0,Pop,1451690.0,1970.4
524,Festi Baal,0.0,Ambigious / Others,25307.0,251.6
525,Fetty Wap,3913955.0,Rap,870917.0,2657.6
526,Ffion,2865.0,Pop,606774.0,7158.4
527,Fifth Harmony,11577693.0,Pop,24126239.0,13493.199999999999
528,Fiona Apple,714277.0,Pop,2521620.0,552.8
529,Five Finger Death Punch,4410678.0,Metal,355253.0,904.3000000000001
530,Flavio,43704.0,Ambigious / Others,94791.0,137.15
531,Fleetwood Mac,5464936.0,Rock,4539813.0,9188.0
532,Fler,245093.0,Hip Hop,69808.0,4.0
533,Fleur East,191409.0,Pop,3096.0,17.6
534,Flipp Dinero,743167.0,Hip Hop,469829140.0,337889.3
535,Florence + The Machine,5344593.0,Pop,15748800.0,14413.7
536,Florida Georgia Line,4023034.0,Country,163802240.0,41044.9
537,Flume,2084598.0,Dance,451167.0,966.7
538,Foals,1126192.0,Dance,26441.0,225.45000000000002
539,Fontaines D.C.,146210.0,Ambigious / Others,66468.0,394.85
540,Foo Fighters,8092392.0,Metal,1606422.0,8953.35
541,Fousheé,38219.0,Ambigious / Others,141198635.0,49308.05
542,Frances,64940.0,Folk,166699.0,1898.8000000000002
543,Frank Ocean,6628942.0,R&b,18874811.0,16919.750000000004
544,Frankie Goes To Hollywood,462240.0,Rock,5818642.0,13175.399999999998
545,Freddie,872.0,Indie,28304.0,15.2
546,Freddy Kalas,126497.0,Pop,1433742.0,6059.099999999999
547,French Montana,3691323.0,Hip Hop,262012.0,3561.2500000000005
548,Frenna,436264.0,Hip Hop,6197178.0,17622.449999999997
549,Freya Ridings,252584.0,Pop,55242287.0,343017.85
550,Friyie,8199.0,Hip Hop,173792.0,28.0
551,Future,9442830.0,Hip Hop,1305705880.0,1571035.8
552,G Flip,106908.0,Pop,14058160.0,30234.600000000002
553,G-Eazy,4646328.0,Hip Hop,8421966.0,2154.4
554,G.R.L.,280740.0,Pop,10675.0,95.20000000000002
555,GASHI,163570.0,Dance,1973583.0,1108.0000000000002
556,GAZIROVKA,33464.0,Dance,465395.0,1246.3999999999996
557,GELO,5501.0,Ambigious / Others,4612221.0,5207.749999999998
558,GFRIEND,937813.0,K-pop,1229395.0,3665.0
559,GIMS,2595002.0,Ambigious / Others,166366.0,133.9
560,GRANT,5473.0,Pop,22352.0,35.2
561,Gabrielle,173382.0,Soul,11270.0,116.80000000000003
562,Gabrielle,42091.0,Indie,102044.0,405.35
563,Galantis,2986089.0,Electronic / EDM,163387994.0,254840.9
564,Galavant,7243.0,Ambigious / Others,57566.0,194.10000000000002
565,Gang of Youths,220394.0,Indie,8232699.0,32151.449999999983
566,Garou,166318.0,Ambigious / Others,284849.0,813.1500000000001
567,Gaullin,81740.0,Electronic / EDM,73133051.0,138928.90000000002
568,Gavin James,491168.0,Pop,9194522.0,74891.1
569,Gedz,99384.0,Hip Hop,40395102.0,129948.6
570,Genetikk,410040.0,Rap,54529.0,27.20000000000001
571,Geolier,377330.0,Hip Hop,5192162.0,5698.299999999999
572,George Ezra,3283528.0,Pop,608538712.0,2621345.5000000023
573,George Larenthal,1.0,Ambigious / Others,7580.0,51.2
574,George Michael,2724887.0,Rock,126412.0,883.5500000000001
575,Gerry Cinnamon,310768.0,Indie,17809269.0,307489.74999999977
576,Ghali,2618082.0,Hip Hop,68166892.0,143695.60000000003
577,Ghost,32.0,Ambigious / Others,897080.0,1015.4500000000003
578,Ghost,964734.0,Metal,1323364.0,4577.4
579,Giggs,349913.0,Electronic / EDM,20306.0,120.8
580,Ginuwine,1691250.0,Pop,251784.0,425.1
581,Girls Aloud,358076.0,Dance,22103.0,9.600000000000001
582,Girls' Generation,1683442.0,Pop,861066.0,8773.150000000001
583,Giveon,302736.0,R&b,410383.0,146.4
584,Glades,76547.0,Pop,721724.0,798.4
585,Glass Animals,1338399.0,Pop,746699858.0,13587.600000000004
586,Glee Cast,1299055.0,Ambigious / Others,896994.0,2116.8
587,Gloria Gaynor,540945.0,Dance,694156.0,1984.6999999999994
588,Gnarls Barkley,376878.0,Hip Hop,11330852.0,37310.00000000002
589,Golden Features,89814.0,Indie,82113.0,63.2
590,Gorillaz,6111598.0,Hip Hop,5068419.0,12758.550000000001
591,Grace VanderWaal,1238570.0,Pop,431958.0,831.1999999999999
592,Gradur,1235674.0,Ambigious / Others,38193674.0,49431.350000000006
593,Green Day,11304377.0,Rock,10446.0,69.6
594,Gregory Porter,426325.0,Jazz,729182.0,2652.0
595,Groggkonung,2.0,Ambigious / Others,26542.0,247.35
596,Grouplove,927779.0,Pop,127753071.0,21012.799999999992
597,Gucci Mane,3520064.0,Hip Hop,1740456.0,188.0
598,Gulddreng,40415.0,Hip Hop,52101.0,391.4
599,Gunna,2611308.0,Hip Hop,87159308.0,12707.75
600,Guns N' Roses,18354552.0,Metal,1601726.0,11877.300000000001
601,Guy Sebastian,340637.0,Pop,30810629.0,59472.7
602,Gwen Stefani,4243765.0,Pop,97032.0,551.9
603,H.E.R.,3063486.0,R&b,282376.0,68.8
604,HAIM,980800.0,Pop,2301175.0,2264.3
605,HALIE,2789.0,Pop,30718.0,115.2
606,HONNE,1041186.0,Pop,16344.0,166.4
607,HRVY,1164863.0,Pop,5829433.0,6481.050000000001
608,HVME,6317.0,Ambigious / Others,286413610.0,83893.1
609,Haddaway,192116.0,Dance,174817.0,870.4999999999999
610,Hailee Steinfeld,6237932.0,Pop,311284401.0,613131.2500000001
611,Halsey,12622150.0,Pop,5517506354.0,6243570.250000004
612,Hamza,400740.0,Hip Hop,4811203.0,4601.2
613,Hannah Kerr,27453.0,Ambigious / Others,5157405.0,11427.75
614,Hannah Mae,2258.0,Ambigious / Others,1200647.0,7564.5
615,Hanne Mjøen,7456.0,Pop,18842.0,75.2
616,Hanson,305650.0,Ambigious / Others,1220591.0,3029.2000000000003
617,Harry Styles,10361677.0,Pop,10710279309.0,8239366.949999999
618,Hayce Lemsi,419585.0,Ambigious / Others,5983293.0,18510.399999999998
619,Hayley Williams,290559.0,Pop,1477175.0,334.05
620,Hazers,2125.0,Dance,287031.0,122.4
621,Headie One,220967.0,Hip Hop,1037962.0,3757.6500000000015
622,Hebe Tien,431204.0,Pop,36107.0,227.2
623,Hedley,186799.0,Pop,14148254.0,27784.8
624,Hemso,44076.0,Hip Hop,69779.0,8.8
625,Henri PFR,37545.0,Electronic / EDM,90372.0,899.2
626,Hermes House Band,28577.0,Dance,78182.0,155.3
627,Herrat,3291.0,Pop,15834.0,52.8
628,Hey Violet,705600.0,Pop,2354.0,0.8
629,Highasakite,97275.0,Indie,591003.0,2881.6
630,Hikaru Utada,1717238.0,Pop,12230.0,41.6
631,Hilltop Hoods,608331.0,Hip Hop,51144613.0,118166.39999999997
632,Hippie Sabotage,579654.0,Electronic / EDM,5550965.0,44450.4
633,Hkeem,17674.0,Pop,933617.0,4676.4000000000015
634,Holly Valance,68752.0,Pop,3601.0,34.4
635,Hooligan Hefs,96836.0,Hip Hop,2585126.0,4405.9
636,Hooss,372553.0,Ambigious / Others,301290.0,415.20000000000016
637,Hornet La Frappe,1162264.0,Ambigious / Others,261446.0,216.00000000000003
638,Hot Shade,71518.0,Electronic / EDM,840785.0,1669.1999999999998
639,Houdini,30899.0,Hip Hop,34637.0,48.0
640,House Of Pain,378292.0,Rap,49111.0,60.80000000000001
641,Hozier,4244075.0,Ambigious / Others,378198500.0,161371.15000000005
642,Hp Boyz,74622.0,Hip Hop,7617200.0,42019.90000000001
643,Hugo Cobo,35564.0,Ambigious / Others,134965.0,122.4
644,Hugo Helmig,14776.0,Pop,5590661.0,33649.4
645,Hunters & Collectors,172390.0,Rock,594171.0,1733.8
646,Hussa,2068.0,Hip Hop,24845.0,146.2
647,ICEHOUSE,216579.0,Rock,326012.0,1020.6
648,IDLES,275453.0,Indie,5561.0,4.800000000000002
649,INFINITE,732420.0,K-pop,5291.0,76.80000000000003
650,Ida Una,152.0,Ambigious / Others,42441.0,240.2
651,Idina Menzel,313509.0,Ambigious / Others,227583.0,921.4499999999999
652,Iggy Pop,1064541.0,Rock,3680.0,53.6
653,Illy,150743.0,Hip Hop,9085127.0,17996.100000000002
654,Ilse DeLange,200552.0,Ambigious / Others,8913904.0,9800.450000000004
655,Imagine Dragons,30723081.0,Rock,12694690102.0,14831750.600000001
656,In Flames,820861.0,Metal,157196.0,313.6
657,Ina Wroldsen,111600.0,Pop,13930863.0,180694.55
658,Insta-crab,0.0,Ambigious / Others,36972.0,244.7
659,Instinto 26,2714.0,Hip Hop,1460681.0,24009.6
660,Intelligency,17727.0,Indie,408530.0,2778.8
661,Irama,1332159.0,Pop,198362.0,186.25
662,Irish Women In Harmony,1897.0,Pop,233964.0,1338.3000000000004
663,Isac Elliot,100074.0,Pop,344584.0,3184.45
664,Isak Danielson,100496.0,Pop,402418.0,431.20000000000005
665,Isaura,6985.0,Indie,2853.0,10.4
666,Ismo,146746.0,Hip Hop,1428411.0,1330.0499999999997
667,ItaloBrothers,357754.0,Pop,155265054.0,625885.3499999997
668,Iyaz,602193.0,Pop,1180299.0,3130.3000000000006
669,J Hus,723082.0,Jazz,3936823.0,24539.100000000013
670,J. Cole,11968318.0,Hip Hop,326021683.0,190130.44999999995
671,JAY-Z,5713670.0,Hip Hop,3157.0,7.2
672,JAY1,236860.0,Hip Hop,1361748.0,3624.7999999999993
673,JID,577109.0,Hip Hop,453637.0,28.000000000000004
674,JIGGO,66419.0,Hip Hop,731262.0,624.0
675,JOYCA,80448.0,Rap,352797.0,268.8
676,JP Cooper,573480.0,Ambigious / Others,467956514.0,691870.7
677,JUNG,12888.0,Pop,1705257.0,8300.95
678,Jack,17765.0,Hip Hop,518463.0,300.45000000000005
679,Jack Harlow,485623.0,Hip Hop,243774484.0,37378.45
680,Jack Johnson,2982130.0,Ambigious / Others,748746.0,252.0
681,Jada,14385.0,Pop,1600277.0,10480.400000000001
682,Jaden,1328101.0,Hip Hop,19266089.0,12723.800000000003
683,Jain,642888.0,Pop,35327533.0,62485.45000000001
684,Jake Owen,1470904.0,Country,475565.0,54.40000000000002
685,Jalil,21543.0,Hip Hop,108437.0,75.2
686,James Arthur,6843219.0,Pop,644796592.0,1831939.9000000001
687,James Bay,3099566.0,Rock,76167019.0,327002.14999999997
688,James Blake,1092250.0,Pop,10043.0,120.0
689,James Hersey,48719.0,Electronic / EDM,11465532.0,27957.4
690,James Reid,275044.0,Folk,59880.0,52.0
691,James TW,702106.0,Ambigious / Others,60811738.0,399082.0999999999
692,James Vincent McMorrow,534573.0,Folk,9572.0,52.8
693,Jameson Rodgers,29383.0,Country,1037367.0,67.20000000000002
694,Jamie Cullum,409375.0,Ambigious / Others,1536471.0,5647.099999999999
695,Jamiroquai,1612713.0,Pop,378057.0,1288.8
696,Jamule,147725.0,Hip Hop,1367019.0,1161.4
697,Jane Dupree,232.0,Ambigious / Others,87613.0,902.4
698,Jane XØ,47132.0,Electronic / EDM,2135117.0,4388.800000000001
699,Janelle Monáe,990340.0,Ambigious / Others,2336117.0,1610.9
700,Janet Jackson,2245382.0,Pop,3478.0,23.20000000000001
701,Jarryd James,105596.0,Pop,8883.0,24.0
702,Jasmine Thompson,748696.0,Ambigious / Others,15884.0,73.60000000000002
703,Jason Aldean,4184476.0,Country,146730239.0,33434.00000000001
704,Jason Derulo,8406712.0,Pop,529259661.0,549576.3
705,Jay Electronica,175741.0,Hip Hop,233714.0,1.6
706,Jay Samuelz,18947.0,Hip Hop,1291459.0,2232.1499999999996
707,Jayboogz,13679.0,Hip Hop,51777.0,26.4
708,Jaymes Young,575124.0,Pop,65552.0,68.80000000000001
709,Jemaine Clement,6181.0,Ambigious / Others,35073.0,62.40000000000001
710,Jemme,861.0,Ambigious / Others,648278.0,3008.3
711,Jennifer Hudson,1182101.0,Pop,3308.0,28.0
712,Jennifer Lurgh,0.0,Ambigious / Others,7573.0,32.0
713,Jennifer Ormond,336.0,Ambigious / Others,353450.0,107.1
714,Jerome,31238.0,Electronic / EDM,24993404.0,31757.8
715,Jerry Williams,7567.0,Indie,45060.0,38.40000000000001
716,Jesper Jenset,32463.0,Pop,89293.0,323.4
717,Jess Glynne,2340619.0,Pop,96229911.0,112141.40000000001
718,Jesse McCartney,731186.0,Pop,3510.0,46.40000000000001
719,Jessi,300807.0,K-pop,3510.0,32.0
720,Jessica Mauboy,194149.0,Ambigious / Others,14369446.0,21432.25
721,Jessica Simpson,843167.0,Pop,422388.0,5647.15
722,Jessie J,7943575.0,Pop,14394978.0,13635.9
723,Jessie Reyez,837400.0,R&b,30940.0,16.0
724,Jessie Ware,549585.0,Pop,216707.0,630.0500000000002
725,Jet,432260.0,Rock,180665.0,938.75
726,Jhay Cortez,1371556.0,Ambigious / Others,21824511.0,52527.0
727,Jhené Aiko,3809217.0,R&b,640293.0,66.4
728,Jill Johnson,85317.0,Pop,682430.0,1195.6999999999998
729,Jimmy Barnes,200518.0,Pop,185018.0,586.2
730,Jireel,52782.0,Hip Hop,10441644.0,24216.050000000003
731,JoJo,1693344.0,Pop,20221.0,4.0
732,Joakim Lundell,127807.0,Pop,342302.0,764.85
733,Jocelyn Alice,13716.0,Pop,73921.0,115.20000000000002
734,Joe Flizzow,152217.0,Rap,8057.0,107.1
735,Joel Corry,111750.0,Pop,28531951.0,250592.6000000001
736,Joey Bada$$,1936777.0,Hip Hop,337448.0,100.00000000000003
737,JoeyAK,73166.0,Hip Hop,253338.0,485.15
738,John De Sohn,91929.0,Electronic / EDM,28347.0,32.800000000000004
739,John Gibbons,15349.0,Electronic / EDM,375334.0,1766.4
740,John Legend,5285664.0,Ambigious / Others,165813669.0,272857.55
741,John Lundvik,22357.0,Pop,40593277.0,72000.54999999996
742,John Mayer,4770134.0,Ambigious / Others,14176163.0,17133.15
743,John Newman,620150.0,Dance,101204.0,455.90000000000003
744,John Prine,317240.0,Country,241247.0,48.8
745,Johnny Cash,4289740.0,Country,145901.0,1201.1999999999998
746,Johnny Diesel & The Injectors,57925.0,Rock,84594.0,299.2000000000001
747,Johnny Mathis,243064.0,Ambigious / Others,3219945.0,1216.9
748,Johnny Roxx,1600.0,Ambigious / Others,13732.0,115.20000000000002
749,Johnossi,76154.0,Rock,38554.0,118.15
750,Joji,3586162.0,R&b,373335891.0,409269.45
751,Jon Bellion,1140268.0,Rap,369204728.0,540958.0499999999
752,Jon Lemmon,2101.0,Pop,5085.0,5.6000000000000005
753,Jon Pardi,1109738.0,Country,59986620.0,16011.199999999992
754,Jonas Brothers,4654109.0,Ambigious / Others,3363979367.0,3118593.65
755,Jonathan Roy,25194.0,Folk,79301.0,166.4
756,Joni Mitchell,871885.0,Ambigious / Others,1655228.0,268.00000000000006
757,Jonna Fraser,200813.0,Hip Hop,521537.0,1095.45
758,Jordan Davis,328914.0,Country,53737113.0,8402.649999999996
759,Jorja Smith,1751825.0,Pop,22773576.0,11147.6
760,Joseph Yap,227.0,Ambigious / Others,238157.0,247.79999999999998
761,Josh Gad,20951.0,Ambigious / Others,1283154.0,2906.3000000000006
762,Josh Turner,1879230.0,Country,9703651.0,1011.1999999999996
763,Josman,306103.0,Hip Hop,168884.0,120.3
764,Josylvio,478961.0,Hip Hop,16132754.0,22248.6
765,Joya Marleen,994.0,Ambigious / Others,1584163.0,5795.9
766,Joyner Lucas,1460657.0,Hip Hop,2772578.0,487.65000000000003
767,Jozo,29246.0,Hip Hop,23901.0,20.8
768,Joé Dwèt Filé,169949.0,Ambigious / Others,48274.0,37.6
769,Juanes,3002568.0,Pop,84555.0,596.6500000000002
770,Judah Kelly,11022.0,Pop,65103.0,63.2
771,Judika,1793586.0,Ambigious / Others,31810.0,176.64999999999995
772,Judy Garland,154985.0,Ambigious / Others,70473866.0,6334.200000000001
773,Juice WRLD,13266070.0,Rap,14463794547.0,7615556.949999999
774,Juju,437627.0,Rap,5970399.0,3019.8999999999996
775,Jul,3127974.0,Ambigious / Others,3572239.0,4685.0
776,Julia Michaels,3285815.0,Pop,2073821667.0,1950334.2999999996
777,Julia Wu,83064.0,Pop,616388.0,2685.15
778,Juliander,9370.0,Pop,55512.0,305.9
779,Julie Bergan,107476.0,Pop,3667777.0,14137.45
780,Junior Senior,47213.0,Pop,39593.0,96.0
781,Just Jack,42882.0,Pop,21697.0,232.8
782,Justin Bieber,39214943.0,Pop,1008153722.0,2102345.65
783,Justin Timberlake,9849964.0,Pop,202157944.0,92878.3
784,Jão,733157.0,Funk,223639.0,80.8
785,K-phax,4161.0,R&b,12581.0,55.2
786,K27,54923.0,Rap,3740164.0,9501.650000000003
787,KAROL G,12839172.0,Ambigious / Others,59141380.0,226826.30000000005
788,KARUI,185.0,Ambigious / Others,10160.0,68.8
789,KC Rebell,1037761.0,Hip Hop,110916.0,144.8
790,KD,1485.0,Ambigious / Others,128008.0,172.0
791,KDZ,2220.0,Hip Hop,1664800.0,8769.550000000001
792,KESI,110209.0,Hip Hop,6552289.0,37133.599999999984
793,KEiiNO,25271.0,Ambigious / Others,3971594.0,16969.550000000007
794,KIAN,24913.0,Pop,35155245.0,118924.04999999999
795,KIDS SEE GHOSTS,651824.0,Hip Hop,34494201.0,14652.949999999999
796,KILLY,451751.0,Hip Hop,5309964.0,5967.600000000001
797,KIM JAE HWAN,110431.0,K-pop,328761.0,1446.4
798,KOPS,7497.0,Pop,27123.0,71.2
799,KSI,1416818.0,Hip Hop,427268.0,1982.25
800,KT Tunstall,299562.0,Ambigious / Others,14019.0,124.0
801,KUMMER,97557.0,Pop,182944.0,93.6
802,KUUMAA,2912.0,Pop,7339.0,18.4
803,Kaaris,1197042.0,Hip Hop,4365203.0,11999.449999999995
804,Kaash Paige,131686.0,R&b,1725712.0,672.8000000000002
805,Kacey Musgraves,852563.0,Country,4901189.0,759.6
806,Kadebostany,77809.0,Rock,25834.0,16.8
807,Kadiatou,3692.0,Ambigious / Others,3507579.0,18375.499999999996
808,Kahitna,515782.0,Pop,33979350.0,59766.299999999974
809,Kamaliya,1931.0,Ambigious / Others,76944.0,1446.5
810,Kamelen,17328.0,Pop,40448.0,162.45
811,Kane Brown,2911105.0,Country,112444647.0,74332.90000000002
812,Kanye West,12691508.0,Rap,717603356.0,643166.55
813,Kappa Jotta,65811.0,Hip Hop,1797685.0,29990.700000000004
814,Karen Mok,256760.0,Pop,142404.0,2514.8
815,Katchafire,164178.0,Ambigious / Others,1265633.0,4278.4
816,Kate Nash,356127.0,Ambigious / Others,10035.0,198.40000000000003
817,Katherine Ho,1883.0,Ambigious / Others,393979.0,3228.75
818,Katie Melua,363548.0,Pop,17523.0,9.6
819,Katy Perry,16588925.0,Pop,1057634980.0,854952.5500000002
820,Kaveh,22202.0,Hip Hop,12466.0,32.800000000000004
821,Keane,2049228.0,Rock,61045.0,212.8
822,Kehlani,4028947.0,Pop,16177123.0,4863.6
823,Keith Urban,3940469.0,Country,2088646.0,590.4000000000003
824,Keko Salata,16885.0,Pop,2657988.0,10620.25
825,Kekra,260619.0,Hip Hop,170520.0,140.8
826,Kelis,366945.0,Pop,4606.0,32.800000000000004
827,Kelly Clarkson,6992370.0,Pop,1462850.0,2757.2499999999995
828,Kempi,58245.0,Hip Hop,21402.0,36.0
829,Kendrick Lamar,15770741.0,Hip Hop,45821797.0,29083.900000000005
830,Kenia OS,886316.0,Reggae,80011.0,11.2
831,Kenny Chesney,3196265.0,Country,15380473.0,2403.95
832,Kenny Rogers,1387641.0,Ambigious / Others,385154.0,1226.45
833,Kensington,354414.0,Indie,19424709.0,81301.24999999999
834,Kesha,5910376.0,Pop,471893163.0,311700.00000000006
835,Kevin Abstract,516742.0,Ambigious / Others,235080.0,7.2
836,Kevin Gates,3709175.0,Rap,3779256.0,798.0500000000001
837,Kevin Lyttle,64008.0,Ambigious / Others,11746.0,115.2
838,Kevin Roldan,3310938.0,Ambigious / Others,126618.0,679.6500000000002
839,Khalid,12829933.0,R&b,5382901977.0,9066336.250000002
840,Khel Pangilinan,333328.0,Pop,43880733.0,273442.2
841,Khruangbin,747267.0,Ambigious / Others,402217.0,977.4
842,Kid Cudi,4140055.0,Hip Hop,2212629.0,582.95
843,Kid Rock,1426834.0,Metal,857734.0,119.2
844,Kidd Keo,1401875.0,Hip Hop,416290.0,378.40000000000015
845,Kiera Weathers,1077.0,Ambigious / Others,5716.0,45.6
846,Kiiara,708898.0,Pop,16852651.0,20735.950000000004
847,Kim Carnes,162037.0,Pop,3980.0,53.6
848,Kina Grannis,412713.0,Pop,198353.0,144.00000000000003
849,King Princess,927066.0,Pop,5688512.0,11910.750000000004
850,Kings,30433.0,Hip Hop,5451152.0,48662.9
851,Kings of Leon,4451284.0,Rock,50270.0,602.4000000000001
852,Kinneret,21046.0,Ambigious / Others,1683263.0,596.3000000000001
853,Kit Chan,16225.0,Pop,170849.0,6558.499999999998
854,Klara Hammarström,3252.0,Ambigious / Others,769391.0,1871.6
855,Koba LaD,1717053.0,Hip Hop,6674276.0,9673.75
856,Kodak Black,6344939.0,Rap,615925069.0,256145.15000000008
857,Kodaline,2069554.0,Pop,5810999.0,71490.25
858,Koffee,285743.0,Ambigious / Others,5375520.0,158254.65000000002
859,Kollegah,1325576.0,Hip Hop,1605309.0,3096.5000000000005
860,Kontra K,1647359.0,Rap,5520771.0,3736.2499999999995
861,Kraantje Pappie,243506.0,Hip Hop,34804.0,56.0
862,Krezip,68097.0,Pop,38286510.0,71081.1
863,Kris Wu,645374.0,Hip Hop,86809.0,1497.75
864,Kristian Kostov,31289.0,Ambigious / Others,1235429.0,5453.349999999999
865,Kristin Husøy,1105.0,Ambigious / Others,546448.0,2409.35
866,Kroki,3364.0,Ambigious / Others,6517.0,42.40000000000001
867,Kube,34265.0,Pop,10170580.0,70340.59999999996
868,Kurdo,596579.0,Hip Hop,204621.0,230.14999999999998
869,Kwaaivines,1406.0,Ambigious / Others,837950.0,1289.7999999999995
870,Kyle Dixon & Michael Stein,67834.0,Electronic / EDM,855634.0,513.6
871,Kylie Minogue,1134902.0,Dance,2596452.0,16996.75
872,Kymppilinja,9409.0,Pop,474037.0,7860.400000000002
873,L D R U,34447.0,Dance,1174295.0,2396.7500000000005
874,L.A.B.,60018.0,Reggae,3439787.0,21269.500000000007
875,L.O.C.,225870.0,Hip Hop,146099.0,759.85
876,LANCO,372542.0,Country,45034570.0,6600.799999999999
877,LANY,3012990.0,Pop,351771832.0,1378319.9000000015
878,LEA,659041.0,Pop,3932664.0,904.0
879,LEN,21838.0,Ambigious / Others,277758.0,164.0
880,LIAMOO,22157.0,Pop,29984.0,74.4
881,LOKE,2334.0,Pop,215748.0,356.00000000000006
882,LON3R JOHNY,19294.0,Hip Hop,1441576.0,37603.7
883,LOVA,12584.0,Pop,24789.0,22.4
884,LYSA,654.0,Ambigious / Others,21964.0,22.4
885,La Roux,538426.0,Dance,24986.0,161.60000000000002
886,Labrinth,1357553.0,Pop,13061757.0,110605.00000000004
887,Lacrim,1489309.0,Hip Hop,13494217.0,11721.050000000001
888,Lady Gaga,14439685.0,Pop,630889280.0,2482615.1500000004
889,Laleh,702028.0,Pop,843962.0,857.3000000000001
890,Lamin,1010.0,Hip Hop,17393.0,16.8
891,Lamix,28415.0,Hip Hop,106187.0,169.65
892,Lana Del Rey,11440791.0,Pop,139755987.0,85219.7
893,Landy,340430.0,Ambigious / Others,3888408.0,6537.3
894,Larry,373508.0,Hip Hop,56142.0,31.20000000000001
895,Larsiveli,2561.0,Hip Hop,11625.0,16.8
896,Laruzo,37353.0,Hip Hop,66029.0,14.4
897,Latifah,50301.0,Hip Hop,987712.0,1651.0
898,Laura Tesoro,33546.0,Pop,425406.0,4264.8
899,Lauren Daigle,1464851.0,Ambigious / Others,37206952.0,158406.94999999998
900,Lauren Jauregui,832454.0,Pop,1101724.0,182.15
901,Laurence Nerbonne,4722.0,Hip Hop,70087.0,46.40000000000001
902,Lauv,3587039.0,Pop,3902663593.0,7793229.300000001
903,Lea Rue,10399.0,Electronic / EDM,33311.0,185.6
904,Leanne & Naara,41972.0,Pop,4696753.0,24998.40000000001
905,Lee Brice,1373924.0,Country,47265927.0,29580.6
906,Lemaitre,159062.0,Dance,42988.0,160.8
907,Lennon Stella,265253.0,Pop,6001548.0,10999.600000000004
908,Leon Bridges,1099787.0,Blues,14058.0,96.80000000000001
909,Leona Lewis,2513383.0,Soul,64682763.0,146690.7
910,Leslie Tay,5249.0,Hip Hop,22074.0,39.2
911,Leto,253396.0,Ambigious / Others,437793.0,419.6
912,Lewis Capaldi,5649718.0,Pop,4092617071.0,6042048.25
913,Leyton Lake,259.0,Ambigious / Others,366923.0,2686.0
914,Liam Gallagher,690814.0,Pop,90877.0,526.3
915,Liberty X,84644.0,Dance,7417.0,27.2
916,Lido,94194.0,Ambigious / Others,17888.0,99.45
917,Lifehouse,1519680.0,Metal,47224333.0,165771.19999999987
918,Lights,249743.0,Folk,194076.0,308.8
919,Like Mike,108104.0,Electronic / EDM,2259738.0,27083.65
920,Likybo,33491.0,Rap,4283581.0,2588.9999999999995
921,Lil Baby,5372519.0,Hip Hop,804646497.0,171360.55000000002
922,Lil Dicky,1725769.0,Rap,108890623.0,129273.74999999999
923,Lil Durk,1901240.0,Hip Hop,945848.0,289.35
924,Lil Kleine,998352.0,Hip Hop,1260057.0,2280.7000000000007
925,Lil Mosey,2945049.0,Rap,3575931781.0,1909866.7500000002
926,Lil Nas X,3624644.0,Rap,1487451187.0,1054143.5499999996
927,Lil Peep,5305740.0,Rap,275219712.0,122528.95000000003
928,Lil Pump,7325898.0,Rap,1612491173.0,1423429.7499999998
929,Lil Skies,4514676.0,Rap,180355468.0,65176.000000000015
930,Lil Tecca,3014761.0,Rap,587275526.0,148974.85
931,Lil Tjay,1982751.0,Hip Hop,8109392.0,2221.75
932,Lil Uzi Vert,10065137.0,Rap,1470777742.0,697902.0000000001
933,Lil Wayne,9717614.0,Hip Hop,130669674.0,27221.0
934,Lil Xan,2094628.0,Rap,674768826.0,320904.4
935,Lil Yachty,6648019.0,Hip Hop,474031.0,76.0
936,Lily Allen,1604698.0,Pop,488869.0,4925.0
937,Lily James,67903.0,Ambigious / Others,186397.0,771.2
938,Lime Cordiale,150908.0,Indie,17728710.0,28049.850000000002
939,Lindo,103.0,Ambigious / Others,7208.0,60.8
940,Linkin Park,17132813.0,Metal,121000039.0,192921.55000000002
941,Linnea Henriksson,123455.0,Pop,302574.0,902.75
942,Lionel Richie,1863725.0,Ambigious / Others,685676.0,971.45
943,Lisa Ajax,48928.0,Pop,4703243.0,9963.7
944,Lisa Nilsson,53920.0,Pop,3255333.0,2922.0
945,Little Big Town,1934159.0,Country,1038689.0,119.20000000000002
946,Little Mix,8158070.0,Pop,258322554.0,451087.1500000001
947,Lizzo,3308612.0,Pop,118637201.0,103237.9
948,Logan Paul,977693.0,Pop,2643.0,9.6
949,Logic,5004777.0,Hip Hop,399727217.0,97296.1
950,Lola Indigo,458582.0,Pop,142316.0,165.1
951,London Grammar,1118087.0,Pop,1648215.0,5567.750000000001
952,Loote,140645.0,Pop,11027593.0,24249.800000000003
953,Lord Huron,752472.0,Folk,249249540.0,862157.2000000001
954,Lorde,6631708.0,Pop,676323799.0,623409.8999999999
955,Loredana,961128.0,Rap,4107281.0,6328.200000000001
956,Loreen,802947.0,Pop,26396.0,68.0
957,Loren Allred,77849.0,Ambigious / Others,110056667.0,240634.84999999998
958,Lorentz,13084.0,Hip Hop,19860.0,16.8
959,Lorenzo,891423.0,Ambigious / Others,633115.0,889.8
960,Lost Frequencies,1981610.0,Electronic / EDM,381379.0,30414.099999999995
961,Louane,853243.0,Ambigious / Others,433380.0,605.0
962,Loud Luxury,380664.0,Pop,9207730.0,11680.449999999995
963,LouiVos,90073.0,Hip Hop,55040.0,74.4
964,Louis Tomlinson,4050148.0,Pop,7733809.0,25793.8
965,Louisa,266283.0,Pop,858931.0,14594.6
966,Luca Hänni,60342.0,Pop,10773164.0,79000.54999999996
967,Luciano,766168.0,Hip Hop,80643946.0,149491.9
968,Luh Kel,527660.0,R&b,12580052.0,23587.15
969,Lukas Graham,1733956.0,Pop,1091511414.0,2499731.0500000003
970,Luke Bryan,5822742.0,Country,426007.0,36.0
971,Luke Combs,3747160.0,Country,1407886835.0,580951.2
972,Lyn,205553.0,K-pop,7080.0,121.15
973,Lynyrd Skynyrd,3061046.0,Rock,35671782.0,175995.19999999995
974,LÉON,256992.0,Pop,100968.0,216.0
975,M.I.A.,959599.0,Pop,2021344.0,3520.7
976,MAALA,18228.0,Pop,2497.0,9.6
977,MAGIC!,1157262.0,Pop,749221.0,5765.6
978,MAI LAN,16135.0,Folk,945647.0,2530.2
979,MALIQ & D'Essentials,248674.0,Indie,28012381.0,439082.19999999984
980,MAMAMOO,2567774.0,K-pop,6076.0,28.0
981,MARINA,2240870.0,Pop,13592.0,88.0
982,MAX,559602.0,Pop,58735258.0,75255.55
983,MC HotDog,49775.0,Pop,232310.0,1196.5500000000004
984,MC Ty,21.0,Ambigious / Others,229077.0,298.2
985,MERO,1640962.0,Hip Hop,3058658.0,4673.35
986,MGMT,1963413.0,Dance,11420.0,41.6
987,MHD,1408714.0,Ambigious / Others,491952.0,824.3
988,MIKA,1051892.0,Pop,9407.0,230.1
989,MNEK,227559.0,Dance,7156.0,91.20000000000002
990,MUNA,127407.0,Pop,3964.0,8.0
991,MaJLo,8194.0,Ambigious / Others,5560.0,1.6
992,Maan,176659.0,Pop,21265.0,20.8
993,Mabel,1018847.0,Pop,341839247.0,287039.05
994,Mabel Matiz,1632328.0,Folk,14428452.0,10057.000000000002
995,Mac Ayres,318918.0,R&b,58166.0,60.00000000000001
996,Mac Miller,5013742.0,Hip Hop,561948229.0,184488.1
997,Macy Gray,472238.0,Soul,890708.0,10458.8
998,Madame Monsieur,29411.0,Ambigious / Others,403307.0,843.0500000000002
999,Madden,31428.0,Pop,493868.0,2722.4
1000,Maddie & Tae,631538.0,Country,22110415.0,4755.0
1001,MadeinTYO,946459.0,Hip Hop,1797117.0,265.6
1002,Madison Beer,2422150.0,Pop,29029794.0,36415.850000000006
1003,Madonna,4523105.0,Pop,85665.0,450.15000000000003
1004,Maes,1177785.0,Ambigious / Others,8362451.0,36949.050000000025
1005,Maggie Rogers,680590.0,Pop,2436070.0,411.8
1006,Mahalia,471056.0,R&b,3346.0,8.0
1007,Maikel Delacalle,286441.0,Pop,32271009.0,121530.40000000001
1008,Maisie Peters,190286.0,Pop,224820.0,561.7500000000001
1009,Maja Francis,5932.0,Pop,102702.0,235.2
1010,Majid Jordan,541854.0,R&b,1617908.0,1411.1000000000004
1011,Malcom Twain,32.0,Ambigious / Others,14699.0,180.8
1012,Mallrat,134810.0,Electronic / EDM,186315.0,272.00000000000006
1013,Malte Ebert,6118.0,Pop,3332105.0,17544.25
1014,Malú,1216939.0,Pop,16806562.0,36844.9
1015,Mandy Moore,504447.0,Pop,58320.0,152.0
1016,Mansionair,132897.0,Electronic / EDM,1471595.0,3369.6000000000013
1017,Mapei,93118.0,Soul,24860.0,38.40000000000001
1018,Marc E. Bassy,330573.0,Pop,309873.0,188.8
1019,Marco Rahim,7805.0,Hip Hop,65532.0,262.40000000000003
1020,Marcus & Martinus,561031.0,Pop,367047.0,1134.5
1021,Maren Morris,526346.0,Country,97136028.0,60137.84999999999
1022,Maria Becerra,398333.0,Pop,24220348.0,79668.40000000002
1023,Mariah Carey,6028580.0,Pop,18649957.0,161148.75
1024,Marian Hill,429685.0,Pop,77956726.0,74047.75
1025,Marianas Trench,338653.0,Rock,1810392.0,5045.000000000001
1026,Mariette,12443.0,Pop,3757016.0,8524.7
1027,Marilyn Manson,2963832.0,Metal,1272816.0,410.20000000000005
1028,Marina Kaye,209013.0,Ambigious / Others,22375.0,11.2
1029,Mario,2014582.0,Pop,1464216.0,3668.249999999999
1030,Marié Digby,60891.0,Ambigious / Others,441213.0,241.60000000000005
1031,Maroon 5,27713137.0,Pop,2341703069.0,5205738.250000002
1032,Marracash,1185600.0,Hip Hop,517275.0,739.45
1033,Marshmello,27670203.0,Ambigious / Others,28114397.0,49815.2
1034,Martin Jensen,991761.0,Electronic / EDM,574717077.0,1736408.1
1035,Marvin Gaye,3670889.0,Soul,27444.0,70.4
1036,Marwa Loud,1091350.0,Ambigious / Others,17174404.0,67422.90000000001
1037,Mary J. Blige,2457737.0,Pop,3023.0,12.8
1038,Masno,16552.0,Hip Hop,45816.0,6610.799999999997
1039,Mason Ramsey,98489.0,Country,23133765.0,7312.1
1040,Massive Attack,1540354.0,Ambigious / Others,4440.0,32.800000000000004
1041,Matchbox Twenty,1693014.0,Ambigious / Others,15977.0,20.8
1042,Matilda,14667.0,Pop,84533.0,269.95
1043,Matisse,638169.0,Pop,233270.0,126.4
1044,Matt Corby,438240.0,Indie,3758070.0,9840.45
1045,Matt Herrero,233.0,Ambigious / Others,30254.0,16.0
1046,Matt Simons,175692.0,Ambigious / Others,61410.0,113.6
1047,Matt Terry,119694.0,Ambigious / Others,496576.0,6013.800000000001
1048,Matthew Wilder,25003.0,Pop,34777645.0,45995.4
1049,Maty Noyes,170318.0,Pop,31792.0,5.6000000000000005
1050,Mau y Ricky,2444425.0,Ambigious / Others,58413.0,64.80000000000001
1051,Max George,12684.0,Ambigious / Others,224501.0,508.15000000000015
1052,Max Styler,13297.0,Ambigious / Others,116631.0,203.2
1053,Maxwell,159315.0,Hip Hop,171549.0,152.45
1054,May Raya,733.0,Ambigious / Others,251454.0,282.9500000000001
1055,Maya Berovic,69737.0,Folk,87127.0,356.8000000000001
1056,Mayar Jenisk,366.0,Ambigious / Others,767525.0,278.05
1057,Maybon,4383.0,Ambigious / Others,14106.0,24.8
1058,Mecna,174984.0,Hip Hop,31106.0,122.55
1059,Meek Mill,4533789.0,Hip Hop,12608319.0,2745.2
1060,Meg Mac,107267.0,Indie,186176.0,259.20000000000005
1061,Megan Thee Stallion,2386160.0,Rap,25310897.0,3550.45
1062,Meghan Trainor,9679028.0,Pop,3109110.0,5161.850000000001
1063,Melanie Martinez,8379843.0,Pop,347743170.0,383891.5999999999
1064,Mell & Vintage Future,4963.0,Pop,282648.0,104.0
1065,Mendez,16829.0,Ambigious / Others,11817045.0,21399.2
1066,Mental As Anything,92810.0,Rock,98138.0,60.0
1067,Metallica,15680762.0,Rock,946425.0,4303.35
1068,Methyl Ethel,99450.0,Punk,460139.0,1234.9
1069,Mezzosangue,215338.0,Hip Hop,129631.0,181.05
1070,MiC LOWRY,43310.0,Ambigious / Others,18992043.0,25476.5
1071,Miami Yacine,670927.0,Hip Hop,5404946.0,3654.4
1072,Mic Christopher,7644.0,Rock,3012.0,7.2
1073,Michael Ball,33741.0,Ambigious / Others,100577.0,232.79999999999998
1074,Michael Bublé,4155593.0,Ambigious / Others,414448580.0,775146.5
1075,Michael Jackson,16280782.0,Pop,71353597.0,120734.75
1076,Michael Kiwanuka,936911.0,Soul,129229.0,316.8
1077,Michael Schulte,172836.0,Pop,20188330.0,26553.75
1078,Michele Morrone,265423.0,Ambigious / Others,3923036.0,4974.250000000002
1079,Michelle Williams,7068.0,Ambigious / Others,22936364.0,67605.65
1080,Migos,10919803.0,Hip Hop,1083216873.0,497201.55
1081,Miguel,3065984.0,Pop,3140148.0,375.20000000000005
1082,Mihail,11501.0,Pop,269930.0,184.8
1083,Mike Perry,1052314.0,Pop,68274.0,177.60000000000002
1084,Mike Posner,1053870.0,Pop,699707.0,684.3000000000001
1085,Mike Shinoda,427003.0,Hip Hop,3246.0,16.0
1086,Mikey.Otx,110.0,Ambigious / Others,104241.0,162.40000000000003
1087,Miky Woodz,1429763.0,Ambigious / Others,26631.0,44.0
1088,Miley Cyrus,13062577.0,Pop,1460959811.0,1455485.0999999999
1089,Milky Chance,1409589.0,Pop,41898491.0,80088.40000000001
1090,Millennium Magnet,1.0,Ambigious / Others,46840.0,117.3
1091,Milow,146235.0,Pop,935229.0,521.6
1092,MinChen,2701.0,Pop,90466.0,1722.3000000000006
1093,Minitrapper,24329.0,Hip Hop,86463.0,175.2
1094,Miquela,39557.0,Ambigious / Others,135658.0,904.45
1095,Miranda Lambert,2494259.0,Country,928693.0,66.4
1096,Miriam Bryant,130633.0,Pop,11246807.0,11870.650000000001
1097,Miriam Rodríguez,182367.0,Ambigious / Others,225284.0,437.3
1098,Miss Li,123720.0,Pop,5837669.0,19631.950000000004
1099,Missy & Blonde,11730.0,Pop,82988.0,104.65
1100,Missy Elliott,1467776.0,Pop,256088.0,39.2
1101,Mister V,380390.0,Hip Hop,4244477.0,6334.1
1102,Mitch James,52915.0,Pop,15327875.0,220457.7
1103,Mitchell Tenpenny,178918.0,Country,7906191.0,1216.0
1104,Moha La Squale,1110016.0,Ambigious / Others,1988303.0,2828.8
1105,Mohombi,293306.0,Pop,11367978.0,47206.79999999999
1106,Mois,52593.0,Hip Hop,654340.0,775.6500000000001
1107,Molly Hammar,10199.0,Pop,31729.0,76.0
1108,Monet192,84765.0,Hip Hop,850920.0,889.6
1109,Moneybagg Yo,1664895.0,Hip Hop,40947640.0,1932.7999999999997
1110,Moneybrother,30983.0,Pop,19984.0,34.4
1111,Moon Taxi,151541.0,Pop,76371092.0,118534.10000000002
1112,Morad,240909.0,Hip Hop,13695008.0,23591.799999999996
1113,Morgan Evans,103904.0,Country,8456827.0,30364.500000000004
1114,Morgan Sulele,39957.0,Electronic / EDM,105458.0,550.8
1115,Morgan Wallen,951179.0,Country,655494040.0,273311.89999999985
1116,Movimiento Original,485117.0,Rock,53407.0,16.0
1117,Mr. Probz,301234.0,Pop,71497.0,362.4
1118,Mr.Children,1868369.0,Pop,4532.0,40.0
1119,Mud,56366.0,Pop,10475084.0,21614.700000000004
1120,Mueva Records,98362.0,Ambigious / Others,93602.0,33.6
1121,Mugisho,2636.0,R&b,110739.0,396.1
1122,Mula B,177318.0,Hip Hop,560195.0,1036.5500000000004
1123,Mumford & Sons,5852948.0,Rock,2776415.0,11318.850000000004
1124,Muse,6072030.0,Rock,3336156.0,4975.8
1125,Musso,49454.0,Hip Hop,81529.0,34.4
1126,Mwuana,21594.0,Dance,120995.0,184.8
1127,My Chemical Romance,5363772.0,Rock,60843.0,124.80000000000003
1128,Myke Towers,3513566.0,Hip Hop,113858055.0,361064.6
1129,MØ,1283811.0,Pop,78485976.0,124616.9
1130,Måneskin,774800.0,Rock,34610719.0,81806.64999999995
1131,Måns Zelmerlöw,137646.0,Pop,7894724.0,9728.55
1132,N.E.R.D,613609.0,Hip Hop,3884.0,40.8
1133,NAV,2237000.0,Hip Hop,81937981.0,45529.450000000004
1134,NCT DREAM,2347909.0,K-pop,761711.0,1684.15
1135,NERVO,666727.0,Dance,1130056.0,3491.550000000001
1136,NF,4425041.0,Hip Hop,74557649.0,11781.7
1137,NLE Choppa,2371258.0,Hip Hop,499969791.0,169763.5
1138,NODE,35765.0,Hip Hop,4390609.0,23755.75
1139,NONONO,55695.0,Rock,3219.0,28.0
1140,NU'EST W,460650.0,K-pop,3956.0,27.20000000000001
1141,Naaz,35251.0,Pop,22641.0,20.0
1142,Nabiha,36990.0,Pop,16311.0,25.6
1143,Nadin Amizah,191405.0,Indie,74851.0,101.55
1144,Nadine Coyle,43774.0,Pop,4372.0,45.6
1145,Nano,13229.0,Ambigious / Others,396244.0,1001.65
1146,Naod,13333.0,Hip Hop,195172.0,366.4
1147,Nas,2115114.0,Hip Hop,3559036.0,1202.8
1148,Nat King Cole,1438613.0,Ambigious / Others,398963.0,669.0
1149,Natalia Lacunza,152252.0,Ambigious / Others,922066.0,1130.35
1150,Natalie Imbruglia,605485.0,Pop,120208.0,907.2
1151,Natalie Taylor,80336.0,Ambigious / Others,59448107.0,176714.7499999999
1152,Natasha Bedingfield,1111106.0,Pop,21339.0,431.84999999999997
1153,Nathan Sykes,472259.0,Pop,46427.0,197.8
1154,Ne-Yo,5609224.0,Pop,53935889.0,226045.70000000007
1155,Nebu Kiniza,277480.0,Rap,36410907.0,6865.999999999999
1156,Nef Medina,612.0,Pop,49867.0,100.3
1157,Neil Diamond,1322741.0,Ambigious / Others,2158281.0,5383.2
1158,Nelly Furtado,2221744.0,Ambigious / Others,3123.0,30.4
1159,Nenny,32297.0,Hip Hop,29206.0,288.8
1160,Neo Pistea,663132.0,Hip Hop,1569450.0,1954.6999999999998
1161,Netta,91742.0,Ambigious / Others,16188842.0,22699.9
1162,New Radicals,150369.0,Rock,26461.0,13.6
1163,Newkid,29449.0,Pop,57597.0,132.65
1164,Niall Horan,6170158.0,Pop,2038650935.0,2422708.8000000003
1165,Nick Jonas,6723502.0,Pop,6998783.0,37454.85
1166,Nickelback,4705938.0,Metal,282111.0,2180.7999999999993
1167,Nicki Minaj,19152566.0,Pop,66479474.0,28397.9
1168,Nicklas Sahl,14590.0,Pop,11678.0,35.2
1169,Nickless,6576.0,Indie,3836.0,23.20000000000001
1170,Nicky Lee,37141.0,Pop,97775.0,2746.5000000000005
1171,Nico Santos,371519.0,Pop,12873405.0,19480.249999999996
1172,Nicola Siciliano,126223.0,Hip Hop,39340.0,5.6000000000000005
1173,Nicole Millar,25090.0,Pop,33125.0,19.200000000000006
1174,Nielson,184805.0,Pop,28646.0,21.6
1175,Night Skinny,101895.0,Hip Hop,21889.0,27.20000000000001
1176,Nightwish,1456161.0,Metal,37949.0,44.8
1177,Nik & Jay,154912.0,Pop,36287.0,211.75
1178,Nikke Ankara,50084.0,Pop,142977.0,316.0
1179,Niklas,184734.0,Ambigious / Others,7714863.0,121227.3
1180,Nina,429568.0,Pop,43523089.0,360982.9999999994
1181,Nina Nesbitt,277304.0,Pop,10002262.0,25231.800000000003
1182,Ninho,3745813.0,Hip Hop,8891179.0,12078.749999999998
1183,Nipsey Hussle,1750629.0,Hip Hop,11213030.0,3476.25
1184,Niro,610361.0,Ambigious / Others,185170.0,335.5
1185,Nirvana,11506167.0,Rock,20633286.0,14044.0
1186,Niska,3333602.0,Ambigious / Others,8516706.0,12951.600000000002
1187,No Method,12991.0,Ambigious / Others,2684788.0,22638.7
1188,No Party For Cao Dong,117050.0,Indie,52125.0,730.4
1189,Noah And The Whale,425837.0,Ambigious / Others,48818.0,365.6
1190,Noah Carter,22149.0,Hip Hop,11650959.0,39063.80000000001
1191,Noah Cyrus,736590.0,Pop,896491088.0,802324.55
1192,Noah Kahan,258147.0,Indie,501611.0,1184.95
1193,Noah Schnacky,58561.0,Country,202775.0,3.2
1194,Noel Gallagher's High Flying Birds,662771.0,Pop,16165.0,196.5
1195,Noname,497953.0,R&b,429893.0,124.95
1196,Norah Jones,2343278.0,Jazz,15858.0,28.0
1197,Norlie & KKV,408186.0,Pop,2740311.0,7634.35
1198,Norma John,1149.0,Ambigious / Others,29557.0,109.6
1199,Nothing But Thieves,639790.0,Rock,406543.0,1187.2
1200,Now United,1292903.0,Ambigious / Others,92907.0,43.2
1201,Noyz Narcos,536531.0,Hip Hop,586178.0,927.5
1202,Nullzweizwei,44763.0,Hip Hop,148157.0,53.60000000000001
1203,Népal,71264.0,Hip Hop,157916.0,131.7
1204,O.S.T.R.,306856.0,Hip Hop,273777.0,1396.7
1205,ODESZA,1227315.0,Ambigious / Others,236050.0,3.2
1206,OFFTR3ND,18941.0,Ambigious / Others,8017.0,90.95
1207,OH MY GIRL,650812.0,K-pop,355089.0,2259.4
1208,OMC,15054.0,Pop,207517.0,73.60000000000001
1209,ONE OK ROCK,3408412.0,Pop,34382.0,280.00000000000006
1210,ONEFOUR,149903.0,Hip Hop,4155958.0,4574.399999999999
1211,OOHYO,74561.0,Indie,4020.0,58.40000000000001
1212,OT,5230.0,Electronic / EDM,15942.0,24.8
1213,Oasis,5631804.0,Ambigious / Others,7175.0,80.0
1214,Oberg,2319.0,Ambigious / Others,11112571.0,40741.2
1215,Ocean Alley,274685.0,Reggae,83911014.0,242825.24999999977
1216,Oda Kirkwood,378.0,Ambigious / Others,985649.0,326.6
1217,Of Monsters and Men,3025611.0,Pop,1779700.0,2147.6500000000005
1218,Offset,1770484.0,Hip Hop,8587246.0,2534.4
1219,Oh Wonder,945405.0,Pop,749063.0,508.8
1220,Olavi Uusivirta,30757.0,Pop,193831.0,1550.9
1221,Old Dominion,878472.0,Country,144798508.0,45881.54999999998
1222,Oliver Tree,1034808.0,Hip Hop,1785807.0,142.4
1223,Olivia Holt,904353.0,Pop,146676467.0,235553.65
1224,Olivia O'Brien,1216330.0,Pop,30450.0,72.8
1225,Olly Murs,2847746.0,Pop,4726.0,75.2
1226,Omar,10569.0,Hip Hop,152517.0,715.05
1227,Omarion,1868037.0,Pop,625853.0,5024.8
1228,One Direction,18426467.0,Ambigious / Others,55574766.0,29376.2
1229,OneRepublic,10901364.0,Pop,506419283.0,532682.15
1230,Onur Can Özcan,756306.0,Hip Hop,11323.0,22.4
1231,Oscar Enestad,3643.0,Pop,3615255.0,5102.1
1232,Oscar and the Wolf,244313.0,Indie,4674432.0,60929.799999999996
1233,Otsochodzi,340321.0,Hip Hop,18754.0,56.00000000000001
1234,Otto Knows,359712.0,Electronic / EDM,633113.0,1308.2
1235,Owl City,1990884.0,Electronic / EDM,33974.0,28.0
1236,Ozuna,25013980.0,Ambigious / Others,723871.0,2286.8500000000004
1237,Ozzy Osbourne,3202967.0,Rock,21481.0,4.0
1238,P!nk,9614009.0,Pop,1273821738.0,1560026.15
1239,PARTYNEXTDOOR,2621172.0,Pop,5524258.0,10339.100000000006
1240,PAY,5800.0,Hip Hop,888734.0,6153.899999999999
1241,PENTAGON,964709.0,K-pop,885976.0,1859.0500000000004
1242,PLK,565680.0,Hip Hop,538397.0,519.25
1243,PNL,3410199.0,Hip Hop,1825831.0,4289.100000000001
1244,PRO8L3M,243735.0,Hip Hop,249967.0,1707.9499999999998
1245,Palm Tree Gang,703.0,Ambigious / Others,11161.0,37.6
1246,Paluch,631121.0,Hip Hop,19042.0,86.7
1247,Pamungkas,478118.0,Pop,53808970.0,170511.00000000012
1248,Panic! At The Disco,10097733.0,Pop,2567293260.0,3282587.1
1249,Paolo Nutini,974121.0,Soul,13611.0,178.85000000000005
1250,Paramore,5512149.0,Pop,88416773.0,30617.7
1251,Parcels,343522.0,Electronic / EDM,2070172.0,5059.4
1252,Parham,11235.0,Hip Hop,31999.0,92.65
1253,Parker McCollum,99845.0,Country,13624667.0,2070.4
1254,Parov Stelar,857156.0,Ambigious / Others,5679220.0,20552.85
1255,Passenger,2645940.0,Pop,307137.0,776.75
1256,Patrick Brasca,2847.0,R&b,77494.0,631.5999999999998
1257,Paul Kelly,257163.0,Rock,44434.0,97.75
1258,Paul Rey,26004.0,Pop,45932.0,133.60000000000002
1259,Paul Simon,1450642.0,Rock,1706069.0,12785.500000000002
1260,Paula & Karol,3477.0,Indie,8309.0,86.7
1261,Pauliina Kokkonen,385.0,Ambigious / Others,28608.0,120.0
1262,Pearl Jam,6150552.0,Rock,489334.0,1856.8
1263,Peder Elias,2449.0,Pop,68723.0,285.20000000000005
1264,Peg Parnevik,36413.0,Pop,287574.0,587.25
1265,Peking Duk,203023.0,Electronic / EDM,27538171.0,103875.7
1266,Pence,9.0,Ambigious / Others,19691.0,117.60000000000002
1267,Pendulum,753174.0,Dance,23818.0,112.4
1268,Pentatonix,2788975.0,A Cappella,92324395.0,237068.05000000002
1269,Peter Andre,49197.0,Dance,3287.0,19.200000000000006
1270,Peter Bjorn and John,293688.0,Dance,5383.0,32.800000000000004
1271,Peter Manos,59717.0,Pop,13545881.0,11976.000000000002
1272,Petit Biscuit,809157.0,Ambigious / Others,33003.0,53.6
1273,Phil Spector,17361.0,Pop,1518189.0,5511.3
1274,Phlake,47937.0,Pop,2256356.0,4243.95
1275,Picture This,221104.0,Folk,38889244.0,523205.1
1276,Pierrii,33715.0,Hip Hop,256082.0,341.6
1277,Pikku G,24363.0,Pop,7948.0,28.8
1278,Pink Floyd,13210312.0,Rock,157137.0,2391.5000000000005
1279,Pink Sweat$,409580.0,Soul,220318.0,420.00000000000017
1280,Pizzera & Jaus,135048.0,Pop,540132.0,12255.199999999999
1281,Place On Earth,1277.0,Pop,263062.0,1595.9
1282,Plain White T's,889970.0,Ambigious / Others,158597.0,1649.6
1283,Plan B,289333.0,Electronic / EDM,12873.0,138.40000000000003
1284,PlanBe,183482.0,Hip Hop,2451173.0,12206.649999999996
1285,Playboi Carti,4064479.0,Hip Hop,340714.0,65.60000000000001
1286,PnB Rock,2747617.0,Rap,1133846.0,186.4
1287,Polo G,2382140.0,Rap,205744641.0,81275.6
1288,Pop Smoke,2441830.0,Hip Hop,1071327596.0,957325.6499999999
1289,Porches,79622.0,Pop,2828.0,3.2
1290,Portugal. The Man,1152895.0,Rock,860254320.0,3434003.750000001
1291,Post Malone,29173640.0,Rap,16437479310.0,19436608.450000014
1292,Poundz,78306.0,Hip Hop,4736.0,5.6000000000000005
1293,Powderfinger,307024.0,Rock,15779210.0,14387.750000000005
1294,Pretenders,863288.0,Rock,553737.0,1183.6
1295,Prince,4802434.0,Funk,897274.0,1303.45
1296,ProfJam,111580.0,Hip Hop,5500432.0,131118.70000000007
1297,Pronto,27630.0,Hip Hop,95957.0,768.8499999999998
1298,Prxxy,290868.0,Ambigious / Others,580361.0,30.400000000000006
1299,Pulp,580011.0,Rock,3263.0,2.4000000000000004
1300,Punch,120195.0,K-pop,46446.0,184.8
1301,Pusha T,1804817.0,Rap,19672187.0,6006.35
1302,Qlas & Blacka,22509.0,Hip Hop,184053.0,248.3
1303,Quebonafide,896029.0,Hip Hop,706509.0,5797.599999999998
1304,Queen,29836055.0,Rock,31510381.0,29311.450000000004
1305,Queen Naija,1635307.0,Pop,234331.0,12.8
1306,Queens of the Stone Age,2446639.0,Metal,244773.0,2564.15
1307,R.E.M.,2693197.0,Rock,327382.0,1116.0000000000002
1308,RAYE,318806.0,Pop,148507.0,1090.4999999999995
1309,RIKI,497660.0,Pop,118793.0,264.0
1310,RIN,630910.0,Rap,11426346.0,16005.700000000004
1311,RK,1177560.0,Hip Hop,3889193.0,3236.999999999999
1312,ROZES,80531.0,Pop,62505.0,86.4
1313,RRILEY,2192.0,Pop,461387.0,2903.3500000000013
1314,Rachel Platten,809061.0,Pop,2026314.0,6033.599999999997
1315,Radiohead,5599419.0,Rock,2688721.0,16265.949999999995
1316,Rae Sremmurd,6127363.0,Hip Hop,385892360.0,178960.85
1317,Rag'n'Bone Man,1258651.0,Soul,302411377.0,919523.25
1318,Ramz,268843.0,Jazz,141723430.0,239753.44999999998
1319,Raoul Vázquez,51308.0,Ambigious / Others,52082.0,123.20000000000002
1320,Rasmus Seebach,397893.0,Pop,2024192.0,6269.05
1321,Rasmussen,8527.0,Ambigious / Others,3271890.0,9609.9
1322,Ray J,707586.0,Rap,257177.0,324.8
1323,Ray Parker Jr.,43767.0,Dance,471455.0,2228.7
1324,Rayi Putra,48205.0,Hip Hop,108227.0,370.6
1325,Raylee,4352.0,Ambigious / Others,3002486.0,14288.099999999997
1326,Rea Garvey,253918.0,Pop,1256096.0,16501.300000000003
1327,Rebecca & Fiona,124552.0,Pop,30782.0,88.39999999999998
1328,Red Hot Chili Peppers,14627263.0,Rock,3692385.0,7930.7
1329,Red Velvet,4250504.0,K-pop,149077469.0,739499.3
1330,Red Velvet - IRENE & SEULGI,163753.0,K-pop,16758701.0,30962.150000000005
1331,Regard,105987.0,Electronic / EDM,1340863925.0,2968380.7500000005
1332,Regine Velasquez,967021.0,Pop,24781.0,31.20000000000001
1333,Rein Alexander,1604.0,Ambigious / Others,87373.0,399.3
1334,Rels B,1985569.0,R&b,25326.0,29.6
1335,Remy Cooper,1573.0,Ambigious / Others,1767.0,32.0
1336,Rendy Pandugo,130716.0,Indie,214184.0,852.0000000000001
1337,Rex Orange County,2492122.0,Pop,64453816.0,327788.4000000001
1338,Rhys,28908.0,Pop,89241.0,204.3
1339,Ricardo Arjona,5619943.0,Ambigious / Others,7275.0,101.60000000000001
1340,Rich Brian,1646389.0,Hip Hop,52551011.0,174152.5000000001
1341,Rich The Kid,2367135.0,Hip Hop,372748208.0,101940.45
1342,Richie Campbell,167917.0,Hip Hop,1755125.0,31831.300000000003
1343,Rick James,745914.0,Dance,3688.0,16.0
1344,Ricky Montgomery,134607.0,Pop,29828809.0,65.6
1345,Riffi,35804.0,Hip Hop,1057370.0,873.2
1346,Rihanna,39741508.0,Pop,379338458.0,662625.1000000007
1347,Rilès,614607.0,Hip Hop,7856180.0,31235.34999999999
1348,Rim'K,753549.0,Hip Hop,2698785.0,3167.3
1349,Rita Ora,6139442.0,Pop,1661981459.0,3507773.95
1350,Ritt Momney,61710.0,Pop,515004236.0,304527.25
1351,Rixton,655574.0,Pop,12945.0,114.4
1352,Rkomi,716616.0,Hip Hop,3785362.0,5243.9
1353,Rob Zombie,1624940.0,Metal,36183.0,53.6
1354,Robbie Nevil,8156.0,Pop,123279.0,195.20000000000002
1355,Robbie Williams,2021635.0,Pop,53989.0,314.19999999999993
1356,Robin S,49815.0,Electronic / EDM,93016.0,220.80000000000007
1357,Robin Schulz,2531210.0,Pop,14306259.0,48772.7
1358,Robin Stjernberg,29834.0,Pop,47789.0,116.45
1359,Robin Von Locksley,6.0,Ambigious / Others,9224.0,95.2
1360,Robinson,64496.0,Pop,1550142.0,3113.4499999999994
1361,Robyn,684603.0,Pop,11315182.0,19023.9
1362,Rocazino,15350.0,Dance,9682840.0,115409.74999999991
1363,Rod Maine,19278.0,Ambigious / Others,10315.0,8.0
1364,Rod Stewart,2422769.0,Ambigious / Others,6569782.0,15556.35
1365,Rod Wave,1316706.0,Rap,69818075.0,31719.050000000017
1366,Roddy Ricch,4688338.0,Rap,2237411821.0,3415719.8000000017
1367,Roger Waters,1040534.0,Rock,11271.0,194.65
1368,Rohff,450159.0,Ambigious / Others,46878.0,39.2
1369,Roi Méndez,85101.0,Ambigious / Others,255407.0,322.04999999999995
1370,Roméo Elvis,680657.0,Hip Hop,3698602.0,5844.2
1371,Ronan Keating,625841.0,Pop,11330901.0,11539.200000000003
1372,Ronnie Drew,16417.0,Ambigious / Others,27379.0,521.4000000000001
1373,Ronnie Flex,551092.0,Hip Hop,1311141.0,2464.0
1374,Rose Liu,7202.0,Pop,7793.0,38.40000000000001
1375,Rosi,716.0,Ambigious / Others,8344.0,29.6
1376,Roy Orbison,1101055.0,Ambigious / Others,4863.0,8.8
1377,Roy Woods,711265.0,R&b,760951.0,871.2
1378,Royal Blood,1078834.0,Rock,31653.0,259.55
1379,Ruben,35514.0,Pop,12570248.0,116111.70000000001
1380,Ruel,1279803.0,Pop,73503763.0,177947.10000000003
1381,Ruma,3040.0,Pop,16596.0,44.8
1382,Rush,1459036.0,Rock,268978.0,45.6
1383,Russ,3724826.0,Hip Hop,465831849.0,250880.95000000004
1384,Russ Millions,76126.0,Hip Hop,42847.0,424.00000000000006
1385,Russell Dickerson,273892.0,Country,30500657.0,7809.599999999999
1386,Rusted Root,124525.0,Ambigious / Others,382053.0,476.8
1387,Ruth B.,938030.0,R&b,13662396.0,55646.59999999999
1388,Ryan O'Shaughnessy,29719.0,Ambigious / Others,449691.0,2683.1000000000004
1389,Ryan Riback,11478.0,Hip Hop,4921.0,39.2
1390,Rytmeklubben,2246.0,Pop,192587.0,449.1
1391,RÜFÜS DU SOL,675730.0,Pop,5420408.0,10568.8
1392,Rémy,83772.0,Hip Hop,92194.0,57.6
1393,Rén with the Mane,1473.0,Pop,4188.0,66.4
1394,S Club 7,404169.0,Dance,3397.0,28.8
1395,SAFIA,111508.0,Indie,38121.0,48.80000000000001
1396,SAINT PHNX,50384.0,Rock,2406996.0,6320.750000000001
1397,SALTI,268.0,Ambigious / Others,10993.0,12.0
1398,SEVENTEEN,4343407.0,K-pop,983034.0,3634.4
1399,SHAED,118188.0,Pop,48021940.0,78223.20000000001
1400,SHAUN,198769.0,K-pop,5189.0,59.2
1401,SHINee,1945756.0,K-pop,10024.0,73.6
1402,SINAN,22406.0,Rap,256853.0,534.5500000000002
1403,SIX60,379988.0,Pop,83290213.0,1476279.65
1404,SKAAR,7013.0,Indie,858337.0,4505.500000000001
1405,SOYOU,235332.0,Indie,1948469.0,23505.699999999997
1406,SUPER JUNIOR,1811216.0,K-pop,60713.0,364.05
1407,SVEA,5595.0,Pop,48045.0,36.8
1408,SZA,3840363.0,Pop,3482541.0,712.0
1409,Sabine Moncler,367.0,Ambigious / Others,41741.0,275.20000000000005
1410,Sabrina Carpenter,3088219.0,Pop,55750724.0,71980.90000000001
1411,Sad Eye,3014.0,Pop,380853.0,3221.2
1412,Sada Baby,237820.0,Hip Hop,3557664.0,441.6
1413,Saint Motel,437020.0,Pop,51813.0,80.0
1414,Saiths,2.0,Ambigious / Others,3771.0,36.8
1415,Salt-N-Pepa,487349.0,Pop,31929.0,0.8
1416,Salvador Sobral,87587.0,Pop,289983.0,5025.1500000000015
1417,Sam Feldt,563855.0,Pop,1447469.0,839.8
1418,Sam Fender,293612.0,Rock,7221.0,76.0
1419,Sam Fischer,64690.0,Pop,160788150.0,271586.3500000001
1420,Sam Hunt,1970425.0,Country,870627905.0,896903.9500000002
1421,Sam Rui,13309.0,Pop,13736.0,109.60000000000002
1422,Sam Smith,14303985.0,Pop,1159501328.0,1346818.5
1423,Samantha Jade,64509.0,Pop,363065.0,204.0
1424,Samra,874886.0,Hip Hop,240589.0,92.8
1425,Samuel Bath,193.0,Ambigious / Others,26164.0,89.6
1426,Samuel Storm,14804.0,Ambigious / Others,846177.0,2219.45
1427,San E,67564.0,K-pop,3056.0,49.6
1428,Sandro Cavazza,60972.0,Pop,13464374.0,14881.249999999998
1429,Sansar Salvo,286229.0,Hip Hop,5040.0,18.4
1430,Sara Farell,71396.0,Pop,9773.0,13.6
1431,Sarah Klang,20813.0,Pop,20375.0,24.0
1432,Sarah McTernan,805.0,Ambigious / Others,18077.0,11.2
1433,Sarhad,9290.0,Ambigious / Others,73598.0,9.6
1434,Sasha Sloan,659558.0,Pop,522782.0,3697.6
1435,Savage Garden,760127.0,Pop,403098.0,402.4
1436,Saweetie,793305.0,Rap,161075726.0,77183.25
1437,Saya,5702.0,Ambigious / Others,20322.0,24.0
1438,ScHoolboy Q,3388289.0,Rap,77858879.0,17425.7
1439,Scarlet Pleasure,60059.0,Pop,888842.0,2276.65
1440,Scissor Sisters,386211.0,Pop,2991.0,28.0
1441,Scott Helman,50754.0,Folk,30121.0,8.0
1442,Scridge,298913.0,Ambigious / Others,3147768.0,4844.8
1443,Seal,1163960.0,Soul,50007.0,65.60000000000001
1444,Sean Kingston,1908927.0,Pop,34752.0,254.25
1445,Sean Paul,3196996.0,Pop,210738.0,1593.2000000000003
1446,Sebastian Walldén,3326.0,Ambigious / Others,4015383.0,21684.9
1447,Sech,6068852.0,Ambigious / Others,7949581.0,29579.600000000006
1448,Seinabo Sey,149362.0,Dance,337637.0,301.0
1449,Selena Gomez,23289724.0,Pop,2991264013.0,2967129.3
1450,Semisonic,289217.0,Rock,25972.0,8.0
1451,Sevn Alias,354528.0,Hip Hop,5553875.0,8996.75
1452,Sexmane,3373.0,Pop,3017286.0,36288.20000000003
1453,Sfera Ebbasta,4040606.0,Hip Hop,63614517.0,224619.85000000018
1454,Shade,898735.0,Pop,40383.0,37.6
1455,Shane Codd,988.0,Ambigious / Others,5397046.0,542.4000000000001
1456,Shanice,155819.0,Pop,3327.0,6.4
1457,Shawn Mendes,29743681.0,Pop,2766190815.0,3763495.0
1458,Shelley FKA DRAM,789922.0,Rap,4267624.0,372.80000000000007
1459,Sheppard,229547.0,Indie,19057683.0,51347.7
1460,Shindy,749692.0,Hip Hop,2742456.0,4310.250000000001
1461,Shordie Shordie,105380.0,Hip Hop,12363017.0,1598.3999999999994
1462,Sia,17732676.0,Dance,65245039.0,241505.69999999995
1463,Side Baby,74163.0,Hip Hop,84348.0,46.40000000000001
1464,Sidemen,50639.0,Pop,22055.0,78.39999999999998
1465,Sigala,1153211.0,Pop,55033.0,434.09999999999997
1466,Sigrid,495827.0,Pop,34706910.0,197206.95
1467,Sigrid Bernson,13665.0,Pop,24686.0,57.6
1468,Silverchair,810301.0,Metal,19755.0,16.0
1469,Simone Emilie,97.0,Ambigious / Others,7815.0,9.6
1470,Sinéad O'Connor,597149.0,Folk,10085.0,24.0
1471,Sipo,13066.0,Hip Hop,347675.0,202.4
1472,Sippinpurpp,20307.0,Hip Hop,6659560.0,129063.74999999997
1473,Sisqo,551944.0,Pop,3852.0,56.0
1474,Sivas,52080.0,Hip Hop,114879.0,630.55
1475,Sivert Høyem,52115.0,Indie,15593.0,85.0
1476,Skegss,149974.0,Punk,101430.0,96.8
1477,Skepta,832049.0,Electronic / EDM,200150.0,655.2
1478,Ski Mask The Slump God,3655109.0,Hip Hop,235082544.0,221217.65
1479,Skinz,17660.0,Hip Hop,12414410.0,66711.7
1480,Slipknot,6429615.0,Metal,15937774.0,22909.95
1481,Smash Mouth,664818.0,Rock,6584779.0,22676.3
1482,Snelle,339608.0,Hip Hop,34586498.0,99575.60000000005
1483,Snow Patrol,2106177.0,Rock,25989151.0,118843.29999999997
1484,Sofia Karlberg,216372.0,Pop,229146.0,353.6
1485,Sofiane,1119755.0,Ambigious / Others,3442450.0,8478.55
1486,Sol Calor,2798.0,Electronic / EDM,127882.0,761.6
1487,Solange,1228127.0,Ambigious / Others,2289771.0,516.35
1488,Soleima,13529.0,Pop,363825.0,479.15000000000003
1489,SonaOne,79080.0,Rap,97144.0,523.0
1490,Sonny Alven,20294.0,Pop,19361.0,90.1
1491,Sons Of Zion,85748.0,Ambigious / Others,22815781.0,318585.9
1492,Soolking,1849760.0,Ambigious / Others,4962484.0,12502.550000000001
1493,Sophie Elise,12991.0,Ambigious / Others,1282352.0,6283.800000000003
1494,Soundgarden,2728630.0,Metal,7381757.0,6325.35
1495,South Border,606960.0,Pop,61006806.0,241901.99999999985
1496,Spacey Jane,43243.0,Punk,18234584.0,91.2
1497,Spice Girls,1971482.0,Pop,2151798.0,16278.999999999998
1498,Stan Kenton,400.0,Ambigious / Others,15790478.0,6387.450000000001
1499,Stan Walker,115042.0,Ambigious / Others,3410311.0,26052.000000000004
1500,Starley,111955.0,Electronic / EDM,134829.0,265.6
1501,State of Sound,38681.0,Electronic / EDM,10267152.0,27023.750000000004
1502,Stay Homas,52967.0,Ambigious / Others,38883.0,0.8
1503,StaySolidRocky,106823.0,Rap,1058986412.0,592625.95
1504,Stealers Wheel,89523.0,Rock,3546.0,28.8
1505,Stellar,36763.0,Pop,35463.0,31.200000000000003
1506,Stereophonics,1057221.0,Pop,13010.0,120.00000000000003
1507,Stevie Wonder,4583729.0,Ambigious / Others,60570193.0,71718.65000000001
1508,Sticky Fingers,721629.0,Reggae,12626628.0,273411.10000000003
1509,Stormzy,2022113.0,Electronic / EDM,170350372.0,492863.05
1510,Stray Kids,3172890.0,K-pop,348856.0,967.1
1511,Sublime,1766040.0,Reggae,325570.0,73.60000000000002
1512,Sufjan Stevens,1192993.0,Pop,15747.0,26.4
1513,Sugababes,446048.0,Dance,3514.0,11.2
1514,Sum 41,2813262.0,Metal,3247.0,1.6
1515,Summer Cem,970078.0,Hip Hop,4300391.0,7303.650000000001
1516,Summer Walker,1739825.0,Pop,10374599.0,1082.3
1517,Sundara Karma,161453.0,Rock,6101.0,74.4
1518,Sunrise Avenue,324839.0,Pop,496734.0,3853.750000000002
1519,SuperM,1138087.0,K-pop,323664.0,453.6
1520,Superorganism,191300.0,Pop,4710.0,48.0
1521,Surfaces,605105.0,Soul,909522881.0,1150163.7999999998
1522,Susan Boyle,177529.0,Pop,1816924.0,10612.200000000003
1523,Susanne Sundfør,176261.0,Pop,131656.0,499.1
1524,Suzi P,3809.0,Hip Hop,196428.0,446.55000000000007
1525,Sval,16068.0,Indie,17324.0,66.4
1526,Swae Lee,961823.0,Rap,9961697.0,2875.7999999999997
1527,Sweet California,258720.0,Pop,45731.0,16.0
1528,Sydney Lauren,215.0,Ambigious / Others,20730.0,12.8
1529,System Of A Down,6633318.0,Metal,421390.0,3114.8
1530,Szpaku,458168.0,Hip Hop,1500649.0,13073.6
1531,TAEMIN,1433761.0,K-pop,45884.0,164.0
1532,TAEYEON,1578572.0,K-pop,362561.0,3533.6
1533,TEEKS,24257.0,Pop,17490.0,32.80000000000001
1534,TIX,132859.0,Pop,15562555.0,233238.79999999987
1535,TLC,2344395.0,Hip Hop,10398004.0,49073.15000000001
1536,TOMORROW X TOGETHER,2330479.0,K-pop,69870.0,150.4
1537,TOOL,1693711.0,Metal,31296882.0,23451.100000000002
1538,TRXD,6401.0,Pop,90942.0,345.65000000000015
1539,TWICE,6954833.0,K-pop,6459.0,42.400000000000006
1540,Tabitha,86027.0,Pop,784315.0,488.0000000000001
1541,Tabitha Nauser,6433.0,Pop,130075.0,864.0
1542,Taco Hemingway,951785.0,Hip Hop,977320.0,4177.45
1543,Taio Cruz,1834085.0,Pop,4711460.0,733.6
1544,Take That,915636.0,Ambigious / Others,28604.0,151.8
1545,Takeoff,1029845.0,Hip Hop,46660095.0,6995.1
1546,Takida,257143.0,Pop,16317.0,1.6
1547,Tamara Todevska,1546.0,Pop,47399.0,76.0
1548,Tame Impala,4300741.0,Ambigious / Others,536270773.0,313169.2
1549,Tamta,34480.0,Ambigious / Others,966668.0,2482.7999999999997
1550,Tarek K.I.Z,26519.0,Ambigious / Others,397526.0,124.8
1551,Tash Sultana,1187224.0,Reggae,11080580.0,23929.7
1552,Taylor Swift,33485486.0,Pop,3996540463.0,3437743.15
1553,Tears For Fears,1763755.0,Rock,596654.0,336.8
1554,Tee Grizzley,2107913.0,Hip Hop,82380029.0,42939.05
1555,Teresa Brewer,19796.0,Ambigious / Others,80296.0,59.2
1556,Terror Jr,151297.0,Pop,456314.0,782.3500000000001
1557,Tessa,29238.0,Pop,4547698.0,51434.90000000001
1558,Teza Sumendra,30648.0,Pop,8067.0,0.8
1559,Th' Dudes,12085.0,Pop,146517.0,48.0
1560,The 1975,4472646.0,Rock,20616108.0,25559.399999999998
1561,The 2 Johnnies,18580.0,Country,145525.0,1458.7
1562,The Academic,94049.0,Indie,54851.0,392.8
1563,The All-American Rejects,1948185.0,Rock,203843.0,144.75
1564,The Alley,581.0,Ambigious / Others,34695.0,28.8
1565,The Bellas,67757.0,Ambigious / Others,39522.0,297.34999999999997
1566,The Cardigans,623896.0,Pop,7634.0,44.8
1567,The Chainsmokers,16931568.0,Pop,1509174081.0,2465976.45
1568,The Chicks,1066092.0,Country,883866.0,291.2
1569,The Citizens of Halloween,9124.0,Ambigious / Others,16119867.0,8318.15
1570,The Coronas,86735.0,Folk,43852.0,204.3
1571,The Corrs,693779.0,Pop,18799.0,228.0
1572,The Cranberries,2230381.0,Rock,28518971.0,109116.90000000001
1573,The Cure,2835726.0,Rock,13195.0,84.80000000000001
1574,The Dandy Warhols,223803.0,Rock,3797.0,67.2
1575,The Dubliners,268734.0,Ambigious / Others,13901.0,188.8
1576,The Easybeats,58338.0,Rock,164466.0,662.2
1577,The Frank And Walters,7790.0,Rock,13541.0,124.8
1578,The Fratellis,622956.0,Rock,14119.0,272.0
1579,The Gardener & The Tree,42704.0,Indie,3882.0,48.0
1580,The Goo Goo Dolls,1747130.0,Rock,52219928.0,340575.65000000043
1581,The Heist,685.0,Ambigious / Others,42497.0,48.8
1582,The High Kings,105834.0,Ambigious / Others,18368.0,122.39999999999999
1583,The Hoosiers,140971.0,Rock,2965.0,19.200000000000006
1584,The Jackson 5,1020732.0,Blues,224749631.0,183716.85
1585,The Jungle Giants,183496.0,Indie,3009164.0,6558.199999999999
1586,The Kid LAROI,684220.0,Hip Hop,3161972.0,8232.300000000003
1587,The Killers,5639246.0,Rock,3717152.0,4866.15
1588,The Kooks,1971730.0,Indie,1098125.0,25918.200000000008
1589,The Legendary Fruitman,8728.0,Ambigious / Others,1051801.0,3806.8000000000015
1590,The Lidls,2616.0,Ambigious / Others,102384.0,434.40000000000003
1591,The Lumineers,3983412.0,Pop,1172897.0,232.55
1592,The Mamas,9503.0,Pop,21487.0,24.8
1593,The National,1246727.0,Rock,133434.0,1095.8999999999999
1594,The Neighbourhood,4667133.0,Rock,1428581372.0,64137.3
1595,The Rasmus,315338.0,Rock,353247.0,2394.95
1596,The Rolling Stones,9333336.0,Rock,1670055.0,1538.7
1597,The Ronettes,153854.0,Pop,415370242.0,194343.5
1598,The Rubens,163728.0,Indie,295814.0,280.00000000000006
1599,The SIGIT,166423.0,Rock,29063.0,41.6
1600,The Sam Willows,36251.0,Pop,1443773.0,26454.299999999996
1601,The Saturdays,561877.0,Dance,3352.0,19.200000000000006
1602,The Script,6210797.0,Rock,129701419.0,428619.35
1603,The Springfields,1519.0,Ambigious / Others,260391.0,313.5
1604,The Strokes,3426324.0,Rock,4045068.0,1175.1000000000001
1605,The Strumbellas,206357.0,Indie,4089589.0,13617.050000000005
1606,The Temper Trap,592440.0,Dance,897493.0,2674.050000000001
1607,The Temptations,1859329.0,Soul,1315405.0,2947.3500000000004
1608,The Tragically Hip,649867.0,Indie,2641061.0,11178.6
1609,The Vamps,4001618.0,Ambigious / Others,7434386.0,42381.85
1610,The Veronicas,702473.0,Pop,1266062.0,4277.200000000001
1611,The Verve,1477797.0,Rock,415804.0,824.8000000000001
1612,The Waitresses,9898.0,Pop,67600.0,60.8
1613,The Wanted,2112886.0,Ambigious / Others,95878.0,858.4
1614,The Weeknd,25562055.0,R&b,14256540391.0,10952904.299999999
1615,The White Stripes,2266390.0,Rock,8976710.0,59401.400000000016
1616,The Wolfe Tones,104027.0,Ambigious / Others,50897.0,564.5999999999999
1617,The Wombats,822146.0,Pop,58856.0,79.20000000000002
1618,The xx,3535036.0,Ambigious / Others,17506693.0,48315.0
1619,Thegiornalisti,953461.0,Pop,525222.0,684.35
1620,Thelma Plum,68837.0,Indie,558928.0,870.4000000000003
1621,Theoz,35897.0,Pop,24311.0,48.0
1622,Theresa Rex,4549.0,Pop,3352.0,25.6
1623,Thirty Seconds To Mars,2757963.0,Rock,6189530.0,21962.399999999998
1624,Thomas Rhett,3594445.0,Country,353156969.0,100993.5
1625,Thomston,81341.0,Pop,17008.0,51.2
1626,Thor Farlov,970.0,Pop,137973.0,519.5
1627,Thundamentals,107318.0,Hip Hop,439038.0,414.4000000000001
1628,Tiara Andini,170676.0,Pop,2494270.0,7313.5
1629,Tijana Bogicevic,1180.0,Ambigious / Others,15994.0,12.0
1630,Timal,664047.0,Ambigious / Others,6423914.0,4549.200000000001
1631,Timeflies,302000.0,Pop,4355.0,72.0
1632,Tina Turner,2086885.0,Dance,3435.0,20.8
1633,Tinashe,1805587.0,R&b,97823.0,281.8
1634,Tobi,65614.0,Hip Hop,397711.0,832.3499999999997
1635,Tobias Rahim,2425.0,Hip Hop,51690.0,180.0
1636,Tobtok,23173.0,Electronic / EDM,14647.0,34.4
1637,Tom Jay Williams,1435.0,Ambigious / Others,36613.0,196.0
1638,Tom Odell,1592636.0,Rock,53137117.0,908.8000000000001
1639,Tom Petty,1419670.0,Rock,3389435.0,913.8
1640,Tom Petty and the Heartbreakers,1575881.0,Rock,16626410.0,26361.0
1641,Tom Walker,749246.0,Folk,102990.0,328.8
1642,Tomas Andersson Wij,31943.0,Pop,19895.0,33.6
1643,Tomine Harket,7608.0,Pop,14774.0,67.2
1644,Tone Damli,47718.0,Pop,823276.0,6701.0
1645,Tones And I,2283019.0,Pop,4286877705.0,10499742.20000001
1646,Tony Bennett,579128.0,Ambigious / Others,70041038.0,230103.85000000006
1647,Tory Lanez,3310268.0,Hip Hop,312619999.0,79482.34999999999
1648,Tove Lo,2568704.0,Pop,11450213.0,11843.45
1649,Tove Styrke,135950.0,Pop,2832680.0,6226.949999999998
1650,Tracy Chapman,1069920.0,Folk,434513.0,1505.3000000000002
1651,Train,3469409.0,Pop,27055798.0,92783.30000000002
1652,Trash Boat,64865.0,Rock,3051.0,8.0
1653,Travis Scott,13434540.0,Rap,13144570.0,1087.2
1654,Trevor Daniel,504066.0,R&b,3350340442.0,3227720.3
1655,Trey Songz,5400892.0,Pop,194983.0,20.0
1656,Trill Ryan,6478.0,Ambigious / Others,86760.0,284.0
1657,Trippie Redd,5502398.0,Rap,726412269.0,157659.19999999998
1658,Trisouls,15350.0,Pop,15478.0,67.2
1659,Troye Sivan,5087482.0,Pop,174421658.0,121461.3
1660,Trueno,1479385.0,Hip Hop,16786.0,6.4
1661,Trío Los Josefinos,9.0,Ambigious / Others,4827426.0,6766.1
1662,Tuomas Kauhanen,15691.0,Pop,93270.0,744.6499999999999
1663,Tusse,3279.0,Ambigious / Others,1406017.0,10213.550000000003
1664,Tussimond,2.0,Ambigious / Others,7572.0,25.6
1665,Tuuli,20941.0,Pop,735127.0,4508.849999999999
1666,Twenty One Pilots,18703210.0,Rock,1001617336.0,1562448.7500000002
1667,Twinko,230.0,Ambigious / Others,6925.0,99.4
1668,Two Door Cinema Club,1939692.0,Pop,944984.0,31781.8
1669,Ty Dolla $ign,3540805.0,Hip Hop,31929.0,142.4
1670,Tyga,5980363.0,Pop,271204774.0,507738.44999999995
1671,Tyler Childers,607230.0,Indie,223589.0,10.4
1672,"Tyler, The Creator",5277768.0,Hip Hop,1394757.0,238.4
1673,U2,7469880.0,Rock,615267.0,3925.45
1674,UB40,1569414.0,Reggae,2972927.0,59213.70000000001
1675,UNDRESSD,3336.0,Indie,8067387.0,29517.499999999996
1676,Ude Af Kontrol,57687.0,Ambigious / Others,123097.0,598.9999999999999
1677,Ufo361,1555169.0,Rap,90508675.0,127613.09999999993
1678,Ugly God,1843698.0,Rap,1102115.0,199.2
1679,Ulrikke,5535.0,Pop,4095082.0,31715.300000000003
1680,Una Sand,779.0,Pop,14980.0,66.4
1681,Uncle Kracker,437782.0,Country,4372.0,3.2
1682,Unique Salonga,123963.0,Pop,33969378.0,76413.0
1683,Urban Zakapa,117577.0,Indie,544670.0,5734.250000000001
1684,Usher,8164956.0,Hip Hop,235897.0,11.200000000000001
1685,VIC MENSA,533915.0,Rap,921320.0,144.8
1686,VIZE,66151.0,Dance,31925016.0,111806.44999999997
1687,Vald,886092.0,Hip Hop,2752152.0,4001.4
1688,Vallis Alps,124138.0,Indie,3320750.0,7418.849999999998
1689,ValsBezig,55383.0,Pop,768354.0,1012.0000000000003
1690,Vampire Weekend,1634122.0,Pop,2363398.0,204.0
1691,Vance Joy,2202975.0,Pop,411439595.0,858272.7000000002
1692,Vanessa Carlton,431616.0,Pop,21586340.0,92680.90000000002
1693,Vargas & Lagola,23910.0,Pop,23458.0,39.2
1694,Vedo,177226.0,R&b,136979595.0,108753.15000000001
1695,Vegas Jones,778364.0,Hip Hop,118079416.0,249433.90000000002
1696,Vera Blue,141421.0,Indie,7513957.0,14376.400000000001
1697,Versatile,55133.0,Hip Hop,3381448.0,58783.70000000002
1698,Vesterinen yhtyeineen,10973.0,Pop,150334.0,1651.2
1699,Veysel,674652.0,Hip Hop,8612237.0,21174.8
1700,Vic9,33498.0,Hip Hop,30074.0,56.0
1701,Vicetone,342974.0,Electronic / EDM,6217.0,76.80000000000003
1702,Vicky Singh,5.0,Ambigious / Others,13982.0,17.6
1703,View,5224.0,Hip Hop,8157.0,8.8
1704,Viki Gabor,93018.0,Pop,243300.0,244.8
1705,Vince Staples,1209759.0,Hip Hop,1318474.0,493.24999999999994
1706,Violent Soho,142045.0,Rock,31849.0,61.6
1707,Virginia To Vegas,32205.0,Pop,2239349.0,6053.699999999999
1708,Vybz Kartel,678931.0,Ambigious / Others,2771127.0,219715.59999999995
1709,VÉRITÉ,229591.0,Indie,13701490.0,14677.850000000004
1710,WALK THE MOON,1683944.0,Pop,1111608.0,1829.7
1711,WOS,1559159.0,Indie,1890628.0,3640.05
1712,Wafia,81544.0,Indie,36505.0,16.8
1713,Walk Off the Earth,491687.0,Rock,1649911.0,3022.400000000001
1714,Walking On Cars,175420.0,Folk,140679.0,1015.55
1715,Wanakin,39187.0,Hip Hop,555353.0,1343.7
1716,Wanfang,20755.0,Pop,4718.0,30.4
1717,Wanna One,1580717.0,K-pop,1743947.0,11746.1
1718,Weezer,2129816.0,Rock,192816.0,144.8
1719,Welshly Arms,150147.0,Rock,21307334.0,74443.85
1720,Westlife,1904331.0,Ambigious / Others,9137418.0,68439.20000000003
1721,Wham!,1366478.0,Pop,991541918.0,2553777.349999999
1722,Wheatus,88880.0,Rock,147111.0,1550.1999999999998
1723,White 2115,404971.0,Hip Hop,2176249.0,21069.40000000001
1724,Whitney Houston,5969003.0,Pop,120157.0,1035.8
1725,WhoHeem,17648.0,Rap,59903104.0,17601.25
1726,Why Don't We,2394814.0,Ambigious / Others,273129741.0,1165394.1500000001
1727,WiNDOH,1654.0,Ambigious / Others,918430.0,7480.0
1728,Wiktoria,40602.0,Pop,128397.0,223.2
1729,Will Pan,143655.0,Pop,219410.0,1202.65
1730,Will Smith,719717.0,Hip Hop,397231.0,1597.0
1731,William Segerdahl,5771.0,Pop,1067844.0,1575.7499999999998
1732,Wincent Weiss,747848.0,Pop,51631.0,11.2
1733,Winne,28220.0,Hip Hop,23137.0,14.4
1734,Winston Surfshirt,71476.0,Indie,2752720.0,2952.7999999999997
1735,Wiz Khalifa,9460688.0,Hip Hop,10317590.0,1943.2000000000003
1736,Wizzard,25733.0,Pop,12513915.0,50692.600000000006
1737,Wood Star Lane,30.0,Ambigious / Others,53512.0,30.4
1738,X Ambassadors,2264365.0,Rock,4226004.0,5412.000000000002
1739,XXXTENTACION,22910410.0,Rap,7092831189.0,11131351.0
1740,YBN Nahmir,2333813.0,Rap,341338111.0,79590.5
1741,YG,2387089.0,Rap,21491061.0,3841.7
1742,YK Osiris,954649.0,Rap,125300443.0,16831.69999999999
1743,YNW Melly,4897771.0,Rap,971399401.0,1016904.3500000001
1744,Yall,29542.0,Ambigious / Others,1254825.0,2462.6000000000004
1745,Yasin,88545.0,Rap,3585767.0,8635.150000000001
1746,Yeah Yeah Yeahs,957243.0,Dance,68374.0,152.3
1747,Years & Years,1491082.0,Pop,4000672.0,10336.050000000001
1748,Young Dolph,1424797.0,Rap,209249.0,15.2
1749,Young Ellens,50943.0,Hip Hop,2614890.0,5016.8
1750,Young Igi,430134.0,Hip Hop,1985170.0,3586.2999999999997
1751,Young Juvenile Youth,3863.0,Ambigious / Others,3689.0,56.0
1752,Young Multi,268869.0,Hip Hop,21184.0,28.000000000000004
1753,Young Sparrow And DJ Dragon Nutz,612.0,Ambigious / Others,3368.0,10.4
1754,Young Thug,5647016.0,Hip Hop,14028226.0,4510.55
1755,YoungBoy Never Broke Again,5749977.0,Rap,243208455.0,74325.04999999999
1756,Youngn Lipz,43880.0,Hip Hop,13478372.0,66563.79999999999
1757,Yuna,367141.0,R&b,109125.0,788.6
1758,Yung SpaceGhost,392.0,Hip Hop,1249153.0,1187.1999999999996
1759,Yusuf / Cat Stevens,1160153.0,Folk,25185.0,213.55
1760,Yxng Bane,319549.0,Jazz,23295.0,131.2
1761,Z.E,111735.0,Rap,2350134.0,10141.7
1762,ZAYN,13407533.0,Pop,264651233.0,590897.2
1763,ZK,24036.0,Hip Hop,4376521.0,24576.199999999997
1764,Zac Brown Band,2374492.0,Country,30353671.0,6205.550000000001
1765,Zacari,61128.0,Electronic / EDM,6211533.0,1529.9
1766,Zara Larsson,7920553.0,Pop,388252330.0,941087.9499999998
1767,Ziggy Alberts,251958.0,Pop,3040365.0,5272.800000000001
1768,Zoé,3157121.0,Ambigious / Others,5087062.0,2046.4000000000008
1769,Zuna,830755.0,Hip Hop,6241475.0,11168.599999999999
1770,alt-J,2676418.0,Rock,1388316.0,3594.15
1771,anna RF,20634.0,Ambigious / Others,6409.0,48.8
1772,at Wendys,17791.0,Rap,200679.0,20.0
1773,badmómzjay,102131.0,Rap,508391.0,243.20000000000005
1774,blink-182,6131096.0,Punk,2290549.0,812.0
1775,bülow,282671.0,Pop,3520164.0,3376.8
1776,dePresno,14673.0,Indie,12448.0,15.2
1777,dodie,781422.0,Pop,10389.0,88.80000000000004
1778,dvsn,842822.0,R&b,55851.0,45.60000000000001
1779,fun.,3419227.0,Pop,331604.0,1213.6000000000001
1780,iann dior,811136.0,Rap,588171.0,170.85
1781,jens,2621.0,Pop,61381.0,118.4
1782,jxdn,508962.0,Pop,5775.0,24.0
1783,kent,418857.0,Pop,253036.0,584.0
1784,lowlow,412850.0,Hip Hop,72887.0,269.6
1785,mishlawi,55496.0,Hip Hop,29705.0,328.25
1786,the bird and the bee,143839.0,Pop,1646732.0,3063.200000000001
1787,twocolors,18328.0,Electronic / EDM,106444191.0,240144.80000000002
1788,why mona,25281.0,Pop,1016077.0,1492.1
1789,william,6918.0,Pop,70640.0,1159.5
1790,ØZI,67394.0,Pop,6309.0,66.4
1791,Øystein Hegvik,4238.0,Ambigious / Others,2502074.0,24416.2
1792,Şehinşah,987759.0,Hip Hop,14625241.0,172919.19999999998
1793,五堅情WOLF(S) (邱鋒澤、陳零九、黃偉晉、賴晏駒、婁峻碩),4326.0,R&b,386012.0,3326.7
1794,謝博安,293.0,Ambigious / Others,45384.0,459.70000000000016
1795,高爾宣 OSN,139977.0,Pop,63796050.0,615064.9999999999
